[2026-06-10T03:11:45.385Z] Starting dev server with command: pnpm run dev
[2026-06-10T03:11:46.555Z] > app-template@1.0.0 dev /home/ubuntu/manga-reader-app
[2026-06-10T03:11:46.555Z] > concurrently -k "pnpm dev:server" "pnpm dev:metro"
[2026-06-10T03:11:47.307Z] [0]
[2026-06-10T03:11:47.307Z] [0] > app-template@1.0.0 dev:server /home/ubuntu/manga-reader-app
[2026-06-10T03:11:47.307Z] [0] > cross-env NODE_ENV=development tsx watch server/_core/index.ts
[2026-06-10T03:11:47.307Z] [0]
[2026-06-10T03:11:47.316Z] [1]
[2026-06-10T03:11:47.316Z] [1] > app-template@1.0.0 dev:metro /home/ubuntu/manga-reader-app
[2026-06-10T03:11:47.316Z] [1] > cross-env EXPO_USE_METRO_WORKSPACE_ROOT=1 npx expo start --web --port ${EXPO_PORT:-8081}
[2026-06-10T03:11:47.317Z] [1]
[2026-06-10T03:11:48.380Z] [1] Starting project at /home/ubuntu/manga-reader-app
[2026-06-10T03:11:48.837Z] [1]
[2026-06-10T03:11:48.837Z] EXPO_USE_METRO_WORKSPACE_ROOT is enabled by default, use EXPO_NO_METRO_WORKSPACE_ROOT instead to disable.
[2026-06-10T03:11:49.206Z] [1]
[2026-06-10T03:11:49.206Z] EXPO_USE_METRO_WORKSPACE_ROOT is enabled by default, use EXPO_NO_METRO_WORKSPACE_ROOT instead to disable.
[2026-06-10T03:11:49.206Z] [1]
[2026-06-10T03:11:49.206Z] EXPO_USE_METRO_WORKSPACE_ROOT is enabled by default, use EXPO_NO_METRO_WORKSPACE_ROOT instead to disable.
[2026-06-10T03:11:49.207Z] [1]
[2026-06-10T03:11:49.207Z] EXPO_USE_METRO_WORKSPACE_ROOT is enabled by default, use EXPO_NO_METRO_WORKSPACE_ROOT instead to disable.
[2026-06-10T03:11:49.495Z] [1] React Compiler enabled
[2026-06-10T03:11:49.645Z] [1] Starting Metro Bundler
[2026-06-10T03:11:49.680Z] [1] EXPO_USE_METRO_WORKSPACE_ROOT is enabled by default, use EXPO_NO_METRO_WORKSPACE_ROOT instead to disable.
[2026-06-10T03:11:51.355Z] [0] [OAuth] Initialized with baseURL: https://api.manus.im
[2026-06-10T03:11:51.567Z] [0] [api] server listening on port 3000
[2026-06-10T03:11:56.657Z] [1] EXPO_USE_METRO_WORKSPACE_ROOT is enabled by default, use EXPO_NO_METRO_WORKSPACE_ROOT instead to disable.
[2026-06-10T03:11:56.659Z] [1] EXPO_USE_METRO_WORKSPACE_ROOT is enabled by default, use EXPO_NO_METRO_WORKSPACE_ROOT instead to disable.
[2026-06-10T03:11:57.237Z] [1]
[2026-06-10T03:11:57.237Z] Web node_modules/expo-router/entry.js ░░░░░░░░░░░░░░░░  0.0% (0/1)
[2026-06-10T03:11:57.237Z] [1] λ node_modules/expo-router/node/render.js ░░░░░░░░░░░░░░░░  0.0% (0/1)
[2026-06-10T03:11:59.430Z] [1] The following packages should be updated for best compatibility with the installed expo version:
[2026-06-10T03:11:59.430Z] [1]   expo@54.0.29 - expected version: ~54.0.35
[2026-06-10T03:11:59.430Z] [1]   expo-audio@1.1.0 - expected version: ~1.1.1
[2026-06-10T03:11:59.430Z] [1]   expo-constants@18.0.12 - expected version: ~18.0.13
[2026-06-10T03:11:59.431Z] [1]   expo-font@14.0.10 - expected version: ~14.0.12
[2026-06-10T03:11:59.431Z] [1]   expo-linking@8.0.10 - expected version: ~8.0.12
[2026-06-10T03:11:59.431Z] [1]   expo-notifications@0.32.15 - expected version: ~0.32.17
[2026-06-10T03:11:59.431Z] [1]   expo-router@6.0.19 - expected version: ~6.0.24
[2026-06-10T03:11:59.431Z] [1]   expo-splash-screen@31.0.12 - expected version: ~31.0.13
[2026-06-10T03:11:59.431Z] [1]   expo-video@3.0.15 - expected version: ~3.0.16
[2026-06-10T03:11:59.431Z] [1]   expo-web-browser@15.0.10 - expected version: ~15.0.11
[2026-06-10T03:11:59.431Z] [1] Your project may not work correctly until you install the expected versions of the packages.
[2026-06-10T03:11:59.452Z] [1]
[2026-06-10T03:11:59.452Z] Waiting on http://localhost:8081
[2026-06-10T03:11:59.452Z] [1]
[2026-06-10T03:11:59.452Z] Logs for your project will appear below.
[2026-06-10T03:11:59.452Z] [1] Web node_modules/expo-router/entry.js ▓▓▓▓░░░░░░░░░░░░ 25.0% (12/29)
[2026-06-10T03:11:59.452Z] [1] λ node_modules/expo-router/node/render.js ▓░░░░░░░░░░░░░░░ 10.9% ( 76/230)
[2026-06-10T03:12:00.973Z] [1] EXPO_USE_METRO_WORKSPACE_ROOT is enabled by default, use EXPO_NO_METRO_WORKSPACE_ROOT instead to disable.
[2026-06-10T03:12:00.974Z] [1] EXPO_USE_METRO_WORKSPACE_ROOT is enabled by default, use EXPO_NO_METRO_WORKSPACE_ROOT instead to disable.
[2026-06-10T03:12:01.911Z] [1] | Browserslist: browsers data (caniuse-lite) is 6 months old. Please run:
[2026-06-10T03:12:01.951Z] [1] |   npx update-browserslist-db@latest
[2026-06-10T03:12:01.951Z] [1] |   Why you should do it regularly: https://github.com/browserslist/update-db#readme
[2026-06-10T03:12:02.955Z] [1] Web node_modules/expo-router/entry.js ▓▓▓▓▓░░░░░░░░░░░ 37.2% (148/303)
[2026-06-10T03:12:02.955Z] [1] λ node_modules/expo-router/node/render.js ▓▓▓▓▓▓▓▓░░░░░░░░ 55.3% (475/639)
[2026-06-10T03:12:02.955Z] [1] Web node_modules/expo-router/entry.js ░░░░░░░░░░░░░░░░  0.0% (0/1)
[2026-06-10T03:12:02.955Z] [1] λ node_modules/expo-router/node/render.js ░░░░░░░░░░░░░░░░  0.0% (0/1)
[2026-06-10T03:12:06.457Z] [1] Web node_modules/expo-router/entry.js ▓▓▓▓▓▓░░░░░░░░░░ 40.0% (373/590)
[2026-06-10T03:12:06.457Z] [1] λ node_modules/expo-router/node/render.js ▓▓▓▓▓▓▓▓▓░░░░░░░ 60.4% (701/902)
[2026-06-10T03:12:06.457Z] [1] Web node_modules/expo-router/entry.js ░░░░░░░░░░░░░░░░  0.0% (0/1)
[2026-06-10T03:12:06.457Z] [1] λ node_modules/expo-router/node/render.js ░░░░░░░░░░░░░░░░  0.0% (0/1)
[2026-06-10T03:12:09.957Z] [1] Web node_modules/expo-router/entry.js ▓▓▓▓▓▓▓▓░░░░░░░░ 51.7% (625/884)
[2026-06-10T03:12:09.957Z] [1] λ node_modules/expo-router/node/render.js ▓▓▓▓▓▓▓▓▓▓▓▓▓░░░ 84.5% (1004/1092)
[2026-06-10T03:12:09.957Z] [1] Web node_modules/expo-router/entry.js ░░░░░░░░░░░░░░░░  0.0% (0/1)
[2026-06-10T03:12:09.957Z] [1] λ node_modules/expo-router/node/render.js ░░░░░░░░░░░░░░░░  0.0% (0/1)
[2026-06-10T03:12:13.508Z] [1] Web node_modules/expo-router/entry.js ▓▓▓▓▓▓▓▓▓▓▓▓▓░░░ 85.1% (1062/1151)
[2026-06-10T03:12:13.508Z] [1] λ node_modules/expo-router/node/render.js ▓▓▓▓▓▓▓▓▓▓▓▓▓▓░░ 91.9% (1158/1208)
[2026-06-10T03:12:13.508Z] [1] Web node_modules/expo-router/entry.js ░░░░░░░░░░░░░░░░  0.0% (0/1)
[2026-06-10T03:12:13.508Z] [1] λ node_modules/expo-router/node/render.js ░░░░░░░░░░░░░░░░  0.0% (0/1)
[2026-06-10T03:12:14.921Z] [1] λ Bundled 17706ms node_modules/expo-router/node/render.js (1317 modules)
[2026-06-10T03:12:15.140Z] [1] λ Bundled 13999ms node_modules/expo-router/node/render.js (1 module)
[2026-06-10T03:12:17.263Z] [1] λ  LOG  { colorScheme: 'light', setColorScheme: [Function (anonymous)] } {
[2026-06-10T03:12:17.267Z] [1]   '--color-primary': '#0a7ea4',
[2026-06-10T03:12:17.267Z] [1]   '--color-background': '#ffffff',
[2026-06-10T03:12:17.267Z] [1]   '--color-surface': '#f5f5f5',
[2026-06-10T03:12:17.267Z] [1]   '--color-foreground': '#11181C',
[2026-06-10T03:12:17.267Z] [1]   '--color-muted': '#687076',
[2026-06-10T03:12:17.267Z] [1]   '--color-border': '#E5E7EB',
[2026-06-10T03:12:17.267Z] [1]   '--color-success': '#22C55E',
[2026-06-10T03:12:17.267Z] [1]   '--color-warning': '#F59E0B',
[2026-06-10T03:12:17.267Z] [1]   '--color-error': '#EF4444'
[2026-06-10T03:12:17.267Z] [1] }
[2026-06-10T03:12:17.307Z] [1] λ  WARN  props.pointerEvents is deprecated. Use style.pointerEvents
[2026-06-10T03:12:17.320Z] [1] Web node_modules/expo-router/entry.js ▓▓▓▓▓▓▓▓▓▓▓▓▓▓▓░ 99.0% (1356/1363)
[2026-06-10T03:12:17.320Z] [1] Web node_modules/expo-router/entry.js ░░░░░░░░░░░░░░░░  0.0% (0/1)
[2026-06-10T03:12:17.474Z] [1] λ  LOG  { colorScheme: 'light', setColorScheme: [Function (anonymous)] } {
[2026-06-10T03:12:17.474Z] [1]   '--color-primary': '#0a7ea4',
[2026-06-10T03:12:17.474Z] [1]   '--color-background': '#ffffff',
[2026-06-10T03:12:17.474Z] [1]   '--color-surface': '#f5f5f5',
[2026-06-10T03:12:17.474Z] [1]   '--color-foreground': '#11181C',
[2026-06-10T03:12:17.474Z] [1]   '--color-muted': '#687076',
[2026-06-10T03:12:17.474Z] [1]   '--color-border': '#E5E7EB',
[2026-06-10T03:12:17.474Z] [1]   '--color-success': '#22C55E',
[2026-06-10T03:12:17.474Z] [1]   '--color-warning': '#F59E0B',
[2026-06-10T03:12:17.474Z] [1]   '--color-error': '#EF4444'
[2026-06-10T03:12:17.475Z] [1] }
[2026-06-10T03:12:17.492Z] [1] λ  WARN  props.pointerEvents is deprecated. Use style.pointerEvents
[2026-06-10T03:12:17.498Z] [1] Web node_modules/expo-router/entry.js ▓▓▓▓▓▓▓▓▓▓▓▓▓▓▓░ 99.1% (1357/1363)
[2026-06-10T03:12:17.498Z] [1] Web node_modules/expo-router/entry.js ░░░░░░░░░░░░░░░░  0.0% (0/1)
[2026-06-10T03:12:17.752Z] [1] Web Bundled 16774ms node_modules/expo-router/entry.js (1 module)
[2026-06-10T03:12:17.951Z] [1] Web Bundled 20595ms node_modules/expo-router/entry.js (1364 modules)
[2026-06-10T03:12:17.975Z] [1] Error: Premature close
[2026-06-10T03:12:17.975Z] [1]     at onclose (node:internal/streams/end-of-stream:158:30)
[2026-06-10T03:12:17.975Z] [1]     at processTicksAndRejections (node:internal/process/task_queues:85:11)
[2026-06-10T03:12:21.007Z] [1] Web node_modules/expo-router/entry.js ▓▓░░░░░░░░░░░░░░ 14.1% ( 32/145)
[2026-06-10T03:12:24.504Z] [1] Web node_modules/expo-router/entry.js ▓▓▓▓▓▓▓▓░░░░░░░░ 53.5% (697/953)
[2026-06-10T03:12:28.006Z] [1] Web node_modules/expo-router/entry.js ▓▓▓▓▓▓▓▓▓▓▓▓▓▓░░ 92.3% (1241/1292)
[2026-06-10T03:12:28.859Z] [1] Web Bundled 9686ms node_modules/expo-router/entry.js (1366 modules)
[2026-06-10T03:12:29.529Z] [1]  LOG  [web] Logs will appear in the browser console
[2026-06-10T03:13:27.705Z] [0] 3:13:27 AM [tsx] change in ./drizzle/schema.ts Restarting...
[2026-06-10T03:13:27.726Z] [0] c
[2026-06-10T03:13:31.734Z] [OAuth] Initialized with baseURL: https://api.manus.im
[2026-06-10T03:13:31.879Z] [0] [api] server listening on port 3000
[2026-06-10T03:13:34.482Z] [0] 3:13:34 AM [tsx] change in ./drizzle/schema.ts Restarting...
[2026-06-10T03:13:34.496Z] [0] c
[2026-06-10T03:13:37.902Z] [OAuth] Initialized with baseURL: https://api.manus.im
[2026-06-10T03:13:38.036Z] [0] [api] server listening on port 3000
[2026-06-10T03:15:03.570Z] [0] 3:15:03 AM [tsx] change in ./server/db.ts Restarting...
[2026-06-10T03:15:03.581Z] [0] c
[2026-06-10T03:15:05.247Z] node:internal/modules/cjs/loader:1244
[2026-06-10T03:15:05.247Z] [0]   const err = new Error(message);
[2026-06-10T03:15:05.247Z] [0]               ^
[2026-06-10T03:15:05.247Z] [0]
[2026-06-10T03:15:05.247Z] [0] Error: Cannot find module './_core/db'
[2026-06-10T03:15:05.247Z] [0] Require stack:
[2026-06-10T03:15:05.248Z] [0] - /home/ubuntu/manga-reader-app/server/db.ts
[2026-06-10T03:15:05.248Z] [0] - /home/ubuntu/manga-reader-app/server/_core/oauth.ts
[2026-06-10T03:15:05.248Z] [0] - /home/ubuntu/manga-reader-app/server/_core/index.ts
[2026-06-10T03:15:05.248Z] [0]     at node:internal/modules/cjs/loader:1244:15
[2026-06-10T03:15:05.248Z] [0]     at nextResolveSimple (/home/ubuntu/manga-reader-app/node_modules/tsx/dist/register-D46fvsV_.cjs:4:1004)
[2026-06-10T03:15:05.248Z] [0]     at /home/ubuntu/manga-reader-app/node_modules/tsx/dist/register-D46fvsV_.cjs:3:2630
[2026-06-10T03:15:05.248Z] [0]     at /home/ubuntu/manga-reader-app/node_modules/tsx/dist/register-D46fvsV_.cjs:3:1542
[2026-06-10T03:15:05.248Z] [0]     at resolveTsPaths (/home/ubuntu/manga-reader-app/node_modules/tsx/dist/register-D46fvsV_.cjs:4:760)
[2026-06-10T03:15:05.248Z] [0]     at /home/ubuntu/manga-reader-app/node_modules/tsx/dist/register-D46fvsV_.cjs:4:1102
[2026-06-10T03:15:05.248Z] [0]     at m._resolveFilename (file:///home/ubuntu/manga-reader-app/node_modules/tsx/dist/register-B7jrtLTO.mjs:1:789)
[2026-06-10T03:15:05.248Z] [0]     at Function._load (node:internal/modules/cjs/loader:1070:27)
[2026-06-10T03:15:05.248Z] [0]     at TracingChannel.traceSync (node:diagnostics_channel:322:14)
[2026-06-10T03:15:05.248Z] [0]     at wrapModuleLoad (node:internal/modules/cjs/loader:217:24) {
[2026-06-10T03:15:05.248Z] [0]   code: 'MODULE_NOT_FOUND',
[2026-06-10T03:15:05.248Z] [0]   requireStack: [
[2026-06-10T03:15:05.248Z] [0]     '/home/ubuntu/manga-reader-app/server/db.ts',
[2026-06-10T03:15:05.248Z] [0]     '/home/ubuntu/manga-reader-app/server/_core/oauth.ts',
[2026-06-10T03:15:05.248Z] [0]     '/home/ubuntu/manga-reader-app/server/_core/index.ts'
[2026-06-10T03:15:05.248Z] [0]   ]
[2026-06-10T03:15:05.248Z] [0] }
[2026-06-10T03:15:05.248Z] [0]
[2026-06-10T03:15:05.248Z] [0] Node.js v22.13.0
[2026-06-10T03:15:10.243Z] [0] 3:15:10 AM [tsx] change in ./server/db.ts Rerunning...
[2026-06-10T03:15:10.243Z] [0] c
[2026-06-10T03:15:11.876Z] node:internal/modules/cjs/loader:1244
[2026-06-10T03:15:11.876Z] [0]   const err = new Error(message);
[2026-06-10T03:15:11.876Z] [0]               ^
[2026-06-10T03:15:11.876Z] [0]
[2026-06-10T03:15:11.876Z] [0] Error: Cannot find module './_core/db'
[2026-06-10T03:15:11.876Z] [0] Require stack:
[2026-06-10T03:15:11.876Z] [0] - /home/ubuntu/manga-reader-app/server/db.ts
[2026-06-10T03:15:11.876Z] [0] - /home/ubuntu/manga-reader-app/server/_core/oauth.ts
[2026-06-10T03:15:11.876Z] [0] - /home/ubuntu/manga-reader-app/server/_core/index.ts
[2026-06-10T03:15:11.876Z] [0]     at node:internal/modules/cjs/loader:1244:15
[2026-06-10T03:15:11.876Z] [0]     at nextResolveSimple (/home/ubuntu/manga-reader-app/node_modules/tsx/dist/register-D46fvsV_.cjs:4:1004)
[2026-06-10T03:15:11.876Z] [0]     at /home/ubuntu/manga-reader-app/node_modules/tsx/dist/register-D46fvsV_.cjs:3:2630
[2026-06-10T03:15:11.876Z] [0]     at /home/ubuntu/manga-reader-app/node_modules/tsx/dist/register-D46fvsV_.cjs:3:1542
[2026-06-10T03:15:11.876Z] [0]     at resolveTsPaths (/home/ubuntu/manga-reader-app/node_modules/tsx/dist/register-D46fvsV_.cjs:4:760)
[2026-06-10T03:15:11.876Z] [0]     at /home/ubuntu/manga-reader-app/node_modules/tsx/dist/register-D46fvsV_.cjs:4:1102
[2026-06-10T03:15:11.876Z] [0]     at m._resolveFilename (file:///home/ubuntu/manga-reader-app/node_modules/tsx/dist/register-B7jrtLTO.mjs:1:789)
[2026-06-10T03:15:11.876Z] [0]     at Function._load (node:internal/modules/cjs/loader:1070:27)
[2026-06-10T03:15:11.876Z] [0]     at TracingChannel.traceSync (node:diagnostics_channel:322:14)
[2026-06-10T03:15:11.876Z] [0]     at wrapModuleLoad (node:internal/modules/cjs/loader:217:24) {
[2026-06-10T03:15:11.876Z] [0]   code: 'MODULE_NOT_FOUND',
[2026-06-10T03:15:11.876Z] [0]   requireStack: [
[2026-06-10T03:15:11.876Z] [0]     '/home/ubuntu/manga-reader-app/server/db.ts',
[2026-06-10T03:15:11.876Z] [0]     '/home/ubuntu/manga-reader-app/server/_core/oauth.ts',
[2026-06-10T03:15:11.877Z] [0]     '/home/ubuntu/manga-reader-app/server/_core/index.ts'
[2026-06-10T03:15:11.877Z] [0]   ]
[2026-06-10T03:15:11.877Z] [0] }
[2026-06-10T03:15:11.877Z] [0]
[2026-06-10T03:15:11.877Z] [0] Node.js v22.13.0
[2026-06-10T03:15:17.906Z] [0] 3:15:17 AM [tsx] change in ./server/db.ts Rerunning...
[2026-06-10T03:15:17.906Z] [0] c
[2026-06-10T03:15:19.520Z] node:internal/modules/cjs/loader:1244
[2026-06-10T03:15:19.520Z] [0]   const err = new Error(message);
[2026-06-10T03:15:19.520Z] [0]               ^
[2026-06-10T03:15:19.520Z] [0]
[2026-06-10T03:15:19.520Z] [0] Error: Cannot find module './_core/db'
[2026-06-10T03:15:19.520Z] [0] Require stack:
[2026-06-10T03:15:19.521Z] [0] - /home/ubuntu/manga-reader-app/server/db.ts
[2026-06-10T03:15:19.521Z] [0] - /home/ubuntu/manga-reader-app/server/_core/oauth.ts
[2026-06-10T03:15:19.521Z] [0] - /home/ubuntu/manga-reader-app/server/_core/index.ts
[2026-06-10T03:15:19.521Z] [0]     at node:internal/modules/cjs/loader:1244:15
[2026-06-10T03:15:19.521Z] [0]     at nextResolveSimple (/home/ubuntu/manga-reader-app/node_modules/tsx/dist/register-D46fvsV_.cjs:4:1004)
[2026-06-10T03:15:19.521Z] [0]     at /home/ubuntu/manga-reader-app/node_modules/tsx/dist/register-D46fvsV_.cjs:3:2630
[2026-06-10T03:15:19.521Z] [0]     at /home/ubuntu/manga-reader-app/node_modules/tsx/dist/register-D46fvsV_.cjs:3:1542
[2026-06-10T03:15:19.521Z] [0]     at resolveTsPaths (/home/ubuntu/manga-reader-app/node_modules/tsx/dist/register-D46fvsV_.cjs:4:760)
[2026-06-10T03:15:19.521Z] [0]     at /home/ubuntu/manga-reader-app/node_modules/tsx/dist/register-D46fvsV_.cjs:4:1102
[2026-06-10T03:15:19.521Z] [0]     at m._resolveFilename (file:///home/ubuntu/manga-reader-app/node_modules/tsx/dist/register-B7jrtLTO.mjs:1:789)
[2026-06-10T03:15:19.521Z] [0]     at Function._load (node:internal/modules/cjs/loader:1070:27)
[2026-06-10T03:15:19.521Z] [0]     at TracingChannel.traceSync (node:diagnostics_channel:322:14)
[2026-06-10T03:15:19.521Z] [0]     at wrapModuleLoad (node:internal/modules/cjs/loader:217:24) {
[2026-06-10T03:15:19.521Z] [0]   code: 'MODULE_NOT_FOUND',
[2026-06-10T03:15:19.521Z] [0]   requireStack: [
[2026-06-10T03:15:19.521Z] [0]     '/home/ubuntu/manga-reader-app/server/db.ts',
[2026-06-10T03:15:19.521Z] [0]     '/home/ubuntu/manga-reader-app/server/_core/oauth.ts',
[2026-06-10T03:15:19.521Z] [0]     '/home/ubuntu/manga-reader-app/server/_core/index.ts'
[2026-06-10T03:15:19.521Z] [0]   ]
[2026-06-10T03:15:19.521Z] [0] }
[2026-06-10T03:15:19.521Z] [0]
[2026-06-10T03:15:19.521Z] [0] Node.js v22.13.0
[2026-06-10T03:15:31.934Z] [0] 3:15:31 AM [tsx] change in ./server/db.ts Rerunning...
[2026-06-10T03:15:31.934Z] [0]
[2026-06-10T03:15:31.934Z] c
[2026-06-10T03:15:33.640Z] node:internal/modules/cjs/loader:1244
[2026-06-10T03:15:33.640Z] [0]   const err = new Error(message);
[2026-06-10T03:15:33.640Z] [0]               ^
[2026-06-10T03:15:33.640Z] [0]
[2026-06-10T03:15:33.640Z] [0] Error: Cannot find module './_core/db'
[2026-06-10T03:15:33.640Z] [0] Require stack:
[2026-06-10T03:15:33.640Z] [0] - /home/ubuntu/manga-reader-app/server/db.ts
[2026-06-10T03:15:33.640Z] [0] - /home/ubuntu/manga-reader-app/server/_core/oauth.ts
[2026-06-10T03:15:33.640Z] [0] - /home/ubuntu/manga-reader-app/server/_core/index.ts
[2026-06-10T03:15:33.640Z] [0]     at node:internal/modules/cjs/loader:1244:15
[2026-06-10T03:15:33.640Z] [0]     at nextResolveSimple (/home/ubuntu/manga-reader-app/node_modules/tsx/dist/register-D46fvsV_.cjs:4:1004)
[2026-06-10T03:15:33.640Z] [0]     at /home/ubuntu/manga-reader-app/node_modules/tsx/dist/register-D46fvsV_.cjs:3:2630
[2026-06-10T03:15:33.640Z] [0]     at /home/ubuntu/manga-reader-app/node_modules/tsx/dist/register-D46fvsV_.cjs:3:1542
[2026-06-10T03:15:33.640Z] [0]     at resolveTsPaths (/home/ubuntu/manga-reader-app/node_modules/tsx/dist/register-D46fvsV_.cjs:4:760)
[2026-06-10T03:15:33.641Z] [0]     at /home/ubuntu/manga-reader-app/node_modules/tsx/dist/register-D46fvsV_.cjs:4:1102
[2026-06-10T03:15:33.641Z] [0]     at m._resolveFilename (file:///home/ubuntu/manga-reader-app/node_modules/tsx/dist/register-B7jrtLTO.mjs:1:789)
[2026-06-10T03:15:33.641Z] [0]     at Function._load (node:internal/modules/cjs/loader:1070:27)
[2026-06-10T03:15:33.641Z] [0]     at TracingChannel.traceSync (node:diagnostics_channel:322:14)
[2026-06-10T03:15:33.641Z] [0]     at wrapModuleLoad (node:internal/modules/cjs/loader:217:24) {
[2026-06-10T03:15:33.641Z] [0]   code: 'MODULE_NOT_FOUND',
[2026-06-10T03:15:33.641Z] [0]   requireStack: [
[2026-06-10T03:15:33.641Z] [0]     '/home/ubuntu/manga-reader-app/server/db.ts',
[2026-06-10T03:15:33.641Z] [0]     '/home/ubuntu/manga-reader-app/server/_core/oauth.ts',
[2026-06-10T03:15:33.641Z] [0]     '/home/ubuntu/manga-reader-app/server/_core/index.ts'
[2026-06-10T03:15:33.641Z] [0]   ]
[2026-06-10T03:15:33.641Z] [0] }
[2026-06-10T03:15:33.641Z] [0]
[2026-06-10T03:15:33.641Z] [0] Node.js v22.13.0
[2026-06-10T03:16:03.787Z] [0] 3:16:03 AM [tsx] change in ./server/db.ts Rerunning...
[2026-06-10T03:16:03.787Z] [0] c
[2026-06-10T03:16:07.133Z] [OAuth] Initialized with baseURL: https://api.manus.im
[2026-06-10T03:16:07.254Z] [0] [api] server listening on port 3000
[2026-06-10T03:16:41.342Z] [0] 3:16:41 AM [tsx] change in ./server/db.ts Restarting...
[2026-06-10T03:16:41.353Z] [0] c
[2026-06-10T03:16:44.927Z] [OAuth] Initialized with baseURL: https://api.manus.im
[2026-06-10T03:16:45.054Z] [0] [api] server listening on port 3000
[2026-06-10T03:16:54.748Z] [0] 3:16:54 AM [tsx] change in ./server/db.ts Restarting...
[2026-06-10T03:16:54.761Z] [0] c
[2026-06-10T03:16:58.154Z] [OAuth] Initialized with baseURL: https://api.manus.im
[2026-06-10T03:16:58.280Z] [0] [api] server listening on port 3000
[2026-06-10T03:17:02.111Z] [0] 3:17:02 AM [tsx] change in ./server/db.ts Restarting...
[2026-06-10T03:17:02.127Z] [0] c
[2026-06-10T03:17:05.518Z] [OAuth] Initialized with baseURL: https://api.manus.im
[2026-06-10T03:17:05.643Z] [0]
[2026-06-10T03:17:05.643Z] [api] server listening on port 3000
[2026-06-10T03:17:08.278Z] [0] 3:17:08 AM [tsx] change in ./server/db.ts Restarting...
[2026-06-10T03:17:08.291Z] [0] c
[2026-06-10T03:17:11.597Z] [OAuth] Initialized with baseURL: https://api.manus.im
[2026-06-10T03:17:11.718Z] [0] [api] server listening on port 3000
[2026-06-10T03:17:34.225Z] [0] 3:17:34 AM [tsx] change in ./server/routers.ts Restarting...
[2026-06-10T03:17:34.237Z] [0] c
[2026-06-10T03:17:37.693Z] [OAuth] Initialized with baseURL: https://api.manus.im
[2026-06-10T03:17:37.904Z] [0] [api] server listening on port 3000
[2026-06-10T03:17:41.187Z] [0] 3:17:41 AM [tsx] change in ./server/routers.ts Restarting...
[2026-06-10T03:17:41.202Z] [0] c
[2026-06-10T03:17:44.600Z] [OAuth] Initialized with baseURL: https://api.manus.im
[2026-06-10T03:17:44.812Z] [0] [api] server listening on port 3000
[2026-06-10T03:18:07.899Z] [1] EXPO_USE_METRO_WORKSPACE_ROOT is enabled by default, use EXPO_NO_METRO_WORKSPACE_ROOT instead to disable.
[2026-06-10T03:18:07.901Z] [1] EXPO_USE_METRO_WORKSPACE_ROOT is enabled by default, use EXPO_NO_METRO_WORKSPACE_ROOT instead to disable.
[2026-06-10T03:18:07.904Z] [1] Web node_modules/expo-router/entry.js ░░░░░░░░░░░░░░░░  0.0% (0/1)
[2026-06-10T03:18:07.968Z] [1] λ Bundled 64ms node_modules/expo-router/node/render.js (1 module)
[2026-06-10T03:18:08.736Z] [1] Web Bundled 832ms node_modules/expo-router/entry.js (1 module)
[2026-06-10T03:18:08.963Z] [1] λ  LOG  { colorScheme: 'light', setColorScheme: [Function (anonymous)] } {
[2026-06-10T03:18:08.963Z] [1]   '--color-primary': '#0a7ea4',
[2026-06-10T03:18:08.963Z] [1]   '--color-background': '#ffffff',
[2026-06-10T03:18:08.963Z] [1]   '--color-surface': '#f5f5f5',
[2026-06-10T03:18:08.963Z] [1]   '--color-foreground': '#11181C',
[2026-06-10T03:18:08.963Z] [1]   '--color-muted': '#687076',
[2026-06-10T03:18:08.963Z] [1]   '--color-border': '#E5E7EB',
[2026-06-10T03:18:08.963Z] [1]   '--color-success': '#22C55E',
[2026-06-10T03:18:08.963Z] [1]   '--color-warning': '#F59E0B',
[2026-06-10T03:18:08.963Z] [1]   '--color-error': '#EF4444'
[2026-06-10T03:18:08.963Z] [1] }
[2026-06-10T03:18:08.982Z] [1] λ  WARN  props.pointerEvents is deprecated. Use style.pointerEvents
[2026-06-10T03:18:09.184Z] [1] Web Bundled 69ms node_modules/expo-router/entry.js (1 module)
[2026-06-10T03:18:09.783Z] [1]  LOG  [web] Logs will appear in the browser console
[2026-06-10T03:20:06.469Z] [1] EXPO_USE_METRO_WORKSPACE_ROOT is enabled by default, use EXPO_NO_METRO_WORKSPACE_ROOT instead to disable.
[2026-06-10T03:20:06.471Z] [1] EXPO_USE_METRO_WORKSPACE_ROOT is enabled by default, use EXPO_NO_METRO_WORKSPACE_ROOT instead to disable.
[2026-06-10T03:20:06.472Z] [1] Web node_modules/expo-router/entry.js ░░░░░░░░░░░░░░░░  0.0% (0/1)
[2026-06-10T03:20:06.650Z] [1] λ Bundled 51ms node_modules/expo-router/node/render.js (1 module)
[2026-06-10T03:20:06.804Z] [1] λ  LOG  { colorScheme: 'light', setColorScheme: [Function (anonymous)] } {
[2026-06-10T03:20:06.804Z] [1]   '--color-primary': '#0a7ea4',
[2026-06-10T03:20:06.804Z] [1]   '--color-background': '#ffffff',
[2026-06-10T03:20:06.804Z] [1]   '--color-surface': '#f5f5f5',
[2026-06-10T03:20:06.804Z] [1]   '--color-foreground': '#11181C',
[2026-06-10T03:20:06.804Z] [1]   '--color-muted': '#687076',
[2026-06-10T03:20:06.804Z] [1]   '--color-border': '#E5E7EB',
[2026-06-10T03:20:06.804Z] [1]   '--color-success': '#22C55E',
[2026-06-10T03:20:06.804Z] [1]   '--color-warning': '#F59E0B',
[2026-06-10T03:20:06.804Z] [1]   '--color-error': '#EF4444'
[2026-06-10T03:20:06.804Z] [1] }
[2026-06-10T03:20:06.827Z] [1] λ  WARN  props.pointerEvents is deprecated. Use style.pointerEvents
[2026-06-10T03:20:06.835Z] [1] Web node_modules/expo-router/entry.js ░░░░░░░░░░░░░░░░  0.0% (0/1)
[2026-06-10T03:20:06.853Z] [1] Web Bundled 380ms node_modules/expo-router/entry.js (1 module)
[2026-06-10T03:20:07.361Z] [1] Web Bundled 54ms node_modules/expo-router/entry.js (1 module)
[2026-06-10T03:20:08.739Z] [1]  LOG  [web] Logs will appear in the browser console
[2026-06-10T03:20:09.670Z] [1] EXPO_USE_METRO_WORKSPACE_ROOT is enabled by default, use EXPO_NO_METRO_WORKSPACE_ROOT instead to disable.
[2026-06-10T03:20:09.672Z] [1] EXPO_USE_METRO_WORKSPACE_ROOT is enabled by default, use EXPO_NO_METRO_WORKSPACE_ROOT instead to disable.
[2026-06-10T03:20:09.840Z] [1] λ Bundled 42ms node_modules/expo-router/node/render.js (1 module)
[2026-06-10T03:20:09.977Z] [1] λ  LOG  { colorScheme: 'light', setColorScheme: [Function (anonymous)] } {
[2026-06-10T03:20:09.977Z] [1]   '--color-primary': '#0a7ea4',
[2026-06-10T03:20:09.977Z] [1]   '--color-background': '#ffffff',
[2026-06-10T03:20:09.977Z] [1]   '--color-surface': '#f5f5f5',
[2026-06-10T03:20:09.977Z] [1]   '--color-foreground': '#11181C',
[2026-06-10T03:20:09.977Z] [1]   '--color-muted': '#687076',
[2026-06-10T03:20:09.977Z] [1]   '--color-border': '#E5E7EB',
[2026-06-10T03:20:09.977Z] [1]   '--color-success': '#22C55E',
[2026-06-10T03:20:09.977Z] [1]   '--color-warning': '#F59E0B',
[2026-06-10T03:20:09.977Z] [1]   '--color-error': '#EF4444'
[2026-06-10T03:20:09.977Z] [1] }
[2026-06-10T03:20:09.995Z] [1] λ  WARN  props.pointerEvents is deprecated. Use style.pointerEvents
[2026-06-10T03:20:10.001Z] [1] Web node_modules/expo-router/entry.js ░░░░░░░░░░░░░░░░  0.0% (0/1)
[2026-06-10T03:20:10.011Z] [1] Web Bundled 337ms node_modules/expo-router/entry.js (1 module)
[2026-06-10T03:20:10.843Z] [1] EXPO_USE_METRO_WORKSPACE_ROOT is enabled by default, use EXPO_NO_METRO_WORKSPACE_ROOT instead to disable.
[2026-06-10T03:20:10.845Z] [1]
[2026-06-10T03:20:10.845Z] EXPO_USE_METRO_WORKSPACE_ROOT is enabled by default, use EXPO_NO_METRO_WORKSPACE_ROOT instead to disable.
[2026-06-10T03:20:11.003Z] [1] λ Bundled 35ms node_modules/expo-router/node/render.js (1 module)
[2026-06-10T03:20:11.133Z] [1] λ  LOG  { colorScheme: 'light', setColorScheme: [Function (anonymous)] } {
[2026-06-10T03:20:11.133Z] [1]   '--color-primary': '#0a7ea4',
[2026-06-10T03:20:11.133Z] [1]   '--color-background': '#ffffff',
[2026-06-10T03:20:11.133Z] [1]   '--color-surface': '#f5f5f5',
[2026-06-10T03:20:11.133Z] [1]   '--color-foreground': '#11181C',
[2026-06-10T03:20:11.133Z] [1]   '--color-muted': '#687076',
[2026-06-10T03:20:11.133Z] [1]   '--color-border': '#E5E7EB',
[2026-06-10T03:20:11.133Z] [1]   '--color-success': '#22C55E',
[2026-06-10T03:20:11.133Z] [1]   '--color-warning': '#F59E0B',
[2026-06-10T03:20:11.133Z] [1]   '--color-error': '#EF4444'
[2026-06-10T03:20:11.133Z] [1] }
[2026-06-10T03:20:11.150Z] [1] λ  WARN  props.pointerEvents is deprecated. Use style.pointerEvents
[2026-06-10T03:20:11.155Z] [1] Web node_modules/expo-router/entry.js ░░░░░░░░░░░░░░░░  0.0% (0/1)
[2026-06-10T03:20:11.165Z] [1] Web Bundled 319ms node_modules/expo-router/entry.js (1 module)
[2026-06-10T03:20:11.438Z] [1] Web Bundled 57ms node_modules/expo-router/entry.js (1 module)
[2026-06-10T03:20:12.275Z] [1]  LOG  [web] Logs will appear in the browser console
[2026-06-10T03:22:32.536Z] [1] EXPO_USE_METRO_WORKSPACE_ROOT is enabled by default, use EXPO_NO_METRO_WORKSPACE_ROOT instead to disable.
[2026-06-10T03:22:36.526Z] [1] Android node_modules/expo-router/entry.js ░░░░░░░░░░░░░░░░  0.0% (0/1)
[2026-06-10T03:22:40.027Z] [1] Android node_modules/expo-router/entry.js ▓▓░░░░░░░░░░░░░░ 17.7% (164/428)
[2026-06-10T03:22:43.564Z] [1] Android node_modules/expo-router/entry.js ▓▓▓▓▓▓▓░░░░░░░░░ 49.3% (659/939)
[2026-06-10T03:22:47.065Z] [1]
[2026-06-10T03:22:47.067Z] Android node_modules/expo-router/entry.js ▓▓▓▓▓▓▓▓▓▓░░░░░░ 67.2% (1051/1285)
[2026-06-10T03:22:50.566Z] [1] Android node_modules/expo-router/entry.js ▓▓▓▓▓▓▓▓▓▓▓▓▓▓░░ 93.5% (1445/1494)
[2026-06-10T03:22:52.073Z] [1] Android Bundled 15547ms node_modules/expo-router/entry.js (1650 modules)
[2026-06-10T03:22:57.199Z] [1]  WARN  SafeAreaView has been deprecated and will be removed in a future release. Please use 'react-native-safe-area-context' instead. See https://github.com/th3rdwave/react-native-safe-area-context
[2026-06-10T03:22:57.300Z] [1]  LOG  {"colorScheme": "dark", "setColorScheme": [Function t1]} {}
[2026-06-10T03:24:02.152Z] [1] EXPO_USE_METRO_WORKSPACE_ROOT is enabled by default, use EXPO_NO_METRO_WORKSPACE_ROOT instead to disable.
[2026-06-10T03:24:02.166Z] [1] EXPO_USE_METRO_WORKSPACE_ROOT is enabled by default, use EXPO_NO_METRO_WORKSPACE_ROOT instead to disable.
[2026-06-10T03:24:02.173Z] [1] Web node_modules/expo-router/entry.js ░░░░░░░░░░░░░░░░  0.0% (0/1)
[2026-06-10T03:24:02.350Z] [1] λ Bundled 71ms node_modules/expo-router/node/render.js (1 module)
[2026-06-10T03:24:02.986Z] [1] Web Bundled 814ms node_modules/expo-router/entry.js (1 module)
[2026-06-10T03:24:03.428Z] [1] λ  LOG  { colorScheme: 'light', setColorScheme: [Function (anonymous)] } {
[2026-06-10T03:24:03.428Z] [1]   '--color-primary': '#0a7ea4',
[2026-06-10T03:24:03.428Z] [1]   '--color-background': '#ffffff',
[2026-06-10T03:24:03.428Z] [1]   '--color-surface': '#f5f5f5',
[2026-06-10T03:24:03.428Z] [1]   '--color-foreground': '#11181C',
[2026-06-10T03:24:03.428Z] [1]   '--color-muted': '#687076',
[2026-06-10T03:24:03.428Z] [1]   '--color-border': '#E5E7EB',
[2026-06-10T03:24:03.428Z] [1]   '--color-success': '#22C55E',
[2026-06-10T03:24:03.428Z] [1]   '--color-warning': '#F59E0B',
[2026-06-10T03:24:03.428Z] [1]   '--color-error': '#EF4444'
[2026-06-10T03:24:03.428Z] [1] }
[2026-06-10T03:24:03.453Z] [1] λ  WARN  props.pointerEvents is deprecated. Use style.pointerEvents
[2026-06-10T03:24:03.696Z] [1] Web Bundled 53ms node_modules/expo-router/entry.js (1 module)
[2026-06-10T03:24:04.726Z] [1]  LOG  [web] Logs will appear in the browser console
[2026-06-10T03:24:05.647Z] [1] EXPO_USE_METRO_WORKSPACE_ROOT is enabled by default, use EXPO_NO_METRO_WORKSPACE_ROOT instead to disable.
[2026-06-10T03:24:05.649Z] [1] EXPO_USE_METRO_WORKSPACE_ROOT is enabled by default, use EXPO_NO_METRO_WORKSPACE_ROOT instead to disable.
[2026-06-10T03:24:05.832Z] [1] λ Bundled 50ms node_modules/expo-router/node/render.js (1 module)
[2026-06-10T03:24:06.132Z] [1] λ  LOG  { colorScheme: 'light', setColorScheme: [Function (anonymous)] } {
[2026-06-10T03:24:06.132Z] [1]   '--color-primary': '#0a7ea4',
[2026-06-10T03:24:06.132Z] [1]   '--color-background': '#ffffff',
[2026-06-10T03:24:06.132Z] [1]   '--color-surface': '#f5f5f5',
[2026-06-10T03:24:06.132Z] [1]   '--color-foreground': '#11181C',
[2026-06-10T03:24:06.132Z] [1]   '--color-muted': '#687076',
[2026-06-10T03:24:06.132Z] [1]   '--color-border': '#E5E7EB',
[2026-06-10T03:24:06.132Z] [1]   '--color-success': '#22C55E',
[2026-06-10T03:24:06.132Z] [1]   '--color-warning': '#F59E0B',
[2026-06-10T03:24:06.132Z] [1]   '--color-error': '#EF4444'
[2026-06-10T03:24:06.132Z] [1] }
[2026-06-10T03:24:06.158Z] [1] λ  WARN  props.pointerEvents is deprecated. Use style.pointerEvents
[2026-06-10T03:24:06.166Z] [1] Web node_modules/expo-router/entry.js ░░░░░░░░░░░░░░░░  0.0% (0/1)
[2026-06-10T03:24:06.177Z] [1] Web Bundled 526ms node_modules/expo-router/entry.js (1 module)
[2026-06-10T03:24:06.893Z] [1] EXPO_USE_METRO_WORKSPACE_ROOT is enabled by default, use EXPO_NO_METRO_WORKSPACE_ROOT instead to disable.
[2026-06-10T03:24:06.894Z] [1]
[2026-06-10T03:24:06.894Z] EXPO_USE_METRO_WORKSPACE_ROOT is enabled by default, use EXPO_NO_METRO_WORKSPACE_ROOT instead to disable.
[2026-06-10T03:24:07.064Z] [1] λ Bundled 39ms node_modules/expo-router/node/render.js (1 module)
[2026-06-10T03:24:07.217Z] [1] λ  LOG  { colorScheme: 'light', setColorScheme: [Function (anonymous)] } {
[2026-06-10T03:24:07.217Z] [1]   '--color-primary': '#0a7ea4',
[2026-06-10T03:24:07.217Z] [1]   '--color-background': '#ffffff',
[2026-06-10T03:24:07.217Z] [1]   '--color-surface': '#f5f5f5',
[2026-06-10T03:24:07.217Z] [1]   '--color-foreground': '#11181C',
[2026-06-10T03:24:07.217Z] [1]   '--color-muted': '#687076',
[2026-06-10T03:24:07.217Z] [1]   '--color-border': '#E5E7EB',
[2026-06-10T03:24:07.217Z] [1]   '--color-success': '#22C55E',
[2026-06-10T03:24:07.217Z] [1]   '--color-warning': '#F59E0B',
[2026-06-10T03:24:07.217Z] [1]   '--color-error': '#EF4444'
[2026-06-10T03:24:07.217Z] [1] }
[2026-06-10T03:24:07.239Z] [1] λ  WARN  props.pointerEvents is deprecated. Use style.pointerEvents
[2026-06-10T03:24:07.243Z] [1] Web node_modules/expo-router/entry.js ░░░░░░░░░░░░░░░░  0.0% (0/1)
[2026-06-10T03:24:07.255Z] [1] Web Bundled 360ms node_modules/expo-router/entry.js (1 module)
[2026-06-10T03:24:07.521Z] [1] Web Bundled 52ms node_modules/expo-router/entry.js (1 module)
[2026-06-10T03:24:08.496Z] [1]  LOG  [web] Logs will appear in the browser console
[2026-06-10T03:25:50.288Z] [1] EXPO_USE_METRO_WORKSPACE_ROOT is enabled by default, use EXPO_NO_METRO_WORKSPACE_ROOT instead to disable.
[2026-06-10T03:25:50.289Z] [1] EXPO_USE_METRO_WORKSPACE_ROOT is enabled by default, use EXPO_NO_METRO_WORKSPACE_ROOT instead to disable.
[2026-06-10T03:25:50.291Z] [1] Web node_modules/expo-router/entry.js ░░░░░░░░░░░░░░░░  0.0% (0/1)
[2026-06-10T03:25:50.480Z] [1] λ Bundled 59ms node_modules/expo-router/node/render.js (1 module)
[2026-06-10T03:25:50.651Z] [1] λ  LOG  { colorScheme: 'light', setColorScheme: [Function (anonymous)] } {
[2026-06-10T03:25:50.651Z] [1]   '--color-primary': '#0a7ea4',
[2026-06-10T03:25:50.651Z] [1]   '--color-background': '#ffffff',
[2026-06-10T03:25:50.651Z] [1]   '--color-surface': '#f5f5f5',
[2026-06-10T03:25:50.651Z] [1]   '--color-foreground': '#11181C',
[2026-06-10T03:25:50.651Z] [1]   '--color-muted': '#687076',
[2026-06-10T03:25:50.651Z] [1]   '--color-border': '#E5E7EB',
[2026-06-10T03:25:50.651Z] [1]   '--color-success': '#22C55E',
[2026-06-10T03:25:50.651Z] [1]   '--color-warning': '#F59E0B',
[2026-06-10T03:25:50.651Z] [1]   '--color-error': '#EF4444'
[2026-06-10T03:25:50.651Z] [1] }
[2026-06-10T03:25:50.671Z] [1] λ  WARN  props.pointerEvents is deprecated. Use style.pointerEvents
[2026-06-10T03:25:50.677Z] [1] Web node_modules/expo-router/entry.js ░░░░░░░░░░░░░░░░  0.0% (0/1)
[2026-06-10T03:25:50.693Z] [1] Web Bundled 401ms node_modules/expo-router/entry.js (1 module)
[2026-06-10T03:25:51.221Z] [1] Web Bundled 54ms node_modules/expo-router/entry.js (1 module)
[2026-06-10T03:25:52.066Z] [1]  LOG  [web] Logs will appear in the browser console
[2026-06-10T03:25:52.681Z] [1] EXPO_USE_METRO_WORKSPACE_ROOT is enabled by default, use EXPO_NO_METRO_WORKSPACE_ROOT instead to disable.
[2026-06-10T03:25:52.683Z] [1] EXPO_USE_METRO_WORKSPACE_ROOT is enabled by default, use EXPO_NO_METRO_WORKSPACE_ROOT instead to disable.
[2026-06-10T03:25:52.871Z] [1] λ Bundled 54ms node_modules/expo-router/node/render.js (1 module)
[2026-06-10T03:25:53.043Z] [1] λ  LOG  { colorScheme: 'light', setColorScheme: [Function (anonymous)] } {
[2026-06-10T03:25:53.043Z] [1]   '--color-primary': '#0a7ea4',
[2026-06-10T03:25:53.043Z] [1]   '--color-background': '#ffffff',
[2026-06-10T03:25:53.043Z] [1]   '--color-surface': '#f5f5f5',
[2026-06-10T03:25:53.043Z] [1]   '--color-foreground': '#11181C',
[2026-06-10T03:25:53.043Z] [1]   '--color-muted': '#687076',
[2026-06-10T03:25:53.043Z] [1]   '--color-border': '#E5E7EB',
[2026-06-10T03:25:53.043Z] [1]   '--color-success': '#22C55E',
[2026-06-10T03:25:53.043Z] [1]   '--color-warning': '#F59E0B',
[2026-06-10T03:25:53.043Z] [1]   '--color-error': '#EF4444'
[2026-06-10T03:25:53.043Z] [1] }
[2026-06-10T03:25:53.062Z] [1] λ  WARN  props.pointerEvents is deprecated. Use style.pointerEvents
[2026-06-10T03:25:53.068Z] [1] Web node_modules/expo-router/entry.js ░░░░░░░░░░░░░░░░  0.0% (0/1)
[2026-06-10T03:25:53.079Z] [1] Web Bundled 395ms node_modules/expo-router/entry.js (1 module)
[2026-06-10T03:25:53.842Z] [1] EXPO_USE_METRO_WORKSPACE_ROOT is enabled by default, use EXPO_NO_METRO_WORKSPACE_ROOT instead to disable.
[2026-06-10T03:25:53.844Z] [1] EXPO_USE_METRO_WORKSPACE_ROOT is enabled by default, use EXPO_NO_METRO_WORKSPACE_ROOT instead to disable.
[2026-06-10T03:25:54.020Z] [1] λ Bundled 44ms node_modules/expo-router/node/render.js (1 module)
[2026-06-10T03:25:54.183Z] [1] λ  LOG  { colorScheme: 'light', setColorScheme: [Function (anonymous)] } {
[2026-06-10T03:25:54.183Z] [1]   '--color-primary': '#0a7ea4',
[2026-06-10T03:25:54.183Z] [1]   '--color-background': '#ffffff',
[2026-06-10T03:25:54.183Z] [1]   '--color-surface': '#f5f5f5',
[2026-06-10T03:25:54.183Z] [1]   '--color-foreground': '#11181C',
[2026-06-10T03:25:54.183Z] [1]   '--color-muted': '#687076',
[2026-06-10T03:25:54.183Z] [1]   '--color-border': '#E5E7EB',
[2026-06-10T03:25:54.183Z] [1]   '--color-success': '#22C55E',
[2026-06-10T03:25:54.183Z] [1]   '--color-warning': '#F59E0B',
[2026-06-10T03:25:54.183Z] [1]   '--color-error': '#EF4444'
[2026-06-10T03:25:54.183Z] [1] }
[2026-06-10T03:25:54.202Z] [1] λ  WARN  props.pointerEvents is deprecated. Use style.pointerEvents
[2026-06-10T03:25:54.208Z] [1] Web node_modules/expo-router/entry.js ░░░░░░░░░░░░░░░░  0.0% (0/1)
[2026-06-10T03:25:54.219Z] [1] Web Bundled 373ms node_modules/expo-router/entry.js (1 module)
[2026-06-10T03:25:54.582Z] [1] Web Bundled 57ms node_modules/expo-router/entry.js (1 module)
[2026-06-10T03:25:55.482Z] [1]  LOG  [web] Logs will appear in the browser console
[2026-06-10T03:26:03.164Z] [1] EXPO_USE_METRO_WORKSPACE_ROOT is enabled by default, use EXPO_NO_METRO_WORKSPACE_ROOT instead to disable.
[2026-06-10T03:26:03.165Z] [1] EXPO_USE_METRO_WORKSPACE_ROOT is enabled by default, use EXPO_NO_METRO_WORKSPACE_ROOT instead to disable.
[2026-06-10T03:26:03.166Z] [1] Web node_modules/expo-router/entry.js ░░░░░░░░░░░░░░░░  0.0% (0/1)
[2026-06-10T03:26:03.331Z] [1] λ Bundled 42ms node_modules/expo-router/node/render.js (1 module)
[2026-06-10T03:26:03.476Z] [1] λ  LOG  { colorScheme: 'light', setColorScheme: [Function (anonymous)] } {
[2026-06-10T03:26:03.476Z] [1]   '--color-primary': '#0a7ea4',
[2026-06-10T03:26:03.476Z] [1]   '--color-background': '#ffffff',
[2026-06-10T03:26:03.476Z] [1]   '--color-surface': '#f5f5f5',
[2026-06-10T03:26:03.476Z] [1]   '--color-foreground': '#11181C',
[2026-06-10T03:26:03.476Z] [1]   '--color-muted': '#687076',
[2026-06-10T03:26:03.476Z] [1]   '--color-border': '#E5E7EB',
[2026-06-10T03:26:03.476Z] [1]   '--color-success': '#22C55E',
[2026-06-10T03:26:03.476Z] [1]   '--color-warning': '#F59E0B',
[2026-06-10T03:26:03.476Z] [1]   '--color-error': '#EF4444'
[2026-06-10T03:26:03.476Z] [1] }
[2026-06-10T03:26:03.492Z] [1] λ  WARN  props.pointerEvents is deprecated. Use style.pointerEvents
[2026-06-10T03:26:03.497Z] [1] Web node_modules/expo-router/entry.js ░░░░░░░░░░░░░░░░  0.0% (0/1)
[2026-06-10T03:26:03.506Z] [1] Web Bundled 340ms node_modules/expo-router/entry.js (1 module)
[2026-06-10T03:26:03.784Z] [1]
[2026-06-10T03:26:03.784Z] Web Bundled 58ms node_modules/expo-router/entry.js (1 module)
[2026-06-10T03:26:04.663Z] [1]  LOG  [web] Logs will appear in the browser console
[2026-06-10T03:26:04.888Z] [1] EXPO_USE_METRO_WORKSPACE_ROOT is enabled by default, use EXPO_NO_METRO_WORKSPACE_ROOT instead to disable.
[2026-06-10T03:26:04.890Z] [1]
[2026-06-10T03:26:04.890Z] EXPO_USE_METRO_WORKSPACE_ROOT is enabled by default, use EXPO_NO_METRO_WORKSPACE_ROOT instead to disable.
[2026-06-10T03:26:05.056Z] [1] λ Bundled 43ms node_modules/expo-router/node/render.js (1 module)
[2026-06-10T03:26:05.204Z] [1] λ  LOG  { colorScheme: 'light', setColorScheme: [Function (anonymous)] } {
[2026-06-10T03:26:05.204Z] [1]   '--color-primary': '#0a7ea4',
[2026-06-10T03:26:05.204Z] [1]   '--color-background': '#ffffff',
[2026-06-10T03:26:05.204Z] [1]   '--color-surface': '#f5f5f5',
[2026-06-10T03:26:05.204Z] [1]   '--color-foreground': '#11181C',
[2026-06-10T03:26:05.204Z] [1]   '--color-muted': '#687076',
[2026-06-10T03:26:05.204Z] [1]   '--color-border': '#E5E7EB',
[2026-06-10T03:26:05.204Z] [1]   '--color-success': '#22C55E',
[2026-06-10T03:26:05.204Z] [1]   '--color-warning': '#F59E0B',
[2026-06-10T03:26:05.204Z] [1]   '--color-error': '#EF4444'
[2026-06-10T03:26:05.204Z] [1] }
[2026-06-10T03:26:05.222Z] [1] λ  WARN  props.pointerEvents is deprecated. Use style.pointerEvents
[2026-06-10T03:26:05.227Z] [1]
[2026-06-10T03:26:05.227Z] Web node_modules/expo-router/entry.js ░░░░░░░░░░░░░░░░  0.0% (0/1)
[2026-06-10T03:26:05.237Z] [1] Web Bundled 346ms node_modules/expo-router/entry.js (1 module)
[2026-06-10T03:26:06.043Z] [1] EXPO_USE_METRO_WORKSPACE_ROOT is enabled by default, use EXPO_NO_METRO_WORKSPACE_ROOT instead to disable.
[2026-06-10T03:26:06.045Z] [1]
[2026-06-10T03:26:06.045Z] EXPO_USE_METRO_WORKSPACE_ROOT is enabled by default, use EXPO_NO_METRO_WORKSPACE_ROOT instead to disable.
[2026-06-10T03:26:06.214Z] [1] λ Bundled 42ms node_modules/expo-router/node/render.js (1 module)
[2026-06-10T03:26:06.357Z] [1] λ  LOG  { colorScheme: 'light', setColorScheme: [Function (anonymous)] } {
[2026-06-10T03:26:06.358Z] [1]   '--color-primary': '#0a7ea4',
[2026-06-10T03:26:06.358Z] [1]   '--color-background': '#ffffff',
[2026-06-10T03:26:06.358Z] [1]   '--color-surface': '#f5f5f5',
[2026-06-10T03:26:06.358Z] [1]   '--color-foreground': '#11181C',
[2026-06-10T03:26:06.358Z] [1]   '--color-muted': '#687076',
[2026-06-10T03:26:06.358Z] [1]   '--color-border': '#E5E7EB',
[2026-06-10T03:26:06.358Z] [1]   '--color-success': '#22C55E',
[2026-06-10T03:26:06.358Z] [1]   '--color-warning': '#F59E0B',
[2026-06-10T03:26:06.358Z] [1]   '--color-error': '#EF4444'
[2026-06-10T03:26:06.358Z] [1] }
[2026-06-10T03:26:06.372Z] [1] λ  WARN  props.pointerEvents is deprecated. Use style.pointerEvents
[2026-06-10T03:26:06.377Z] [1]
[2026-06-10T03:26:06.377Z] Web node_modules/expo-router/entry.js ░░░░░░░░░░░░░░░░  0.0% (0/1)
[2026-06-10T03:26:06.387Z] [1]
[2026-06-10T03:26:06.387Z] Web Bundled 341ms node_modules/expo-router/entry.js (1 module)
[2026-06-10T03:26:06.842Z] [1] Web Bundled 55ms node_modules/expo-router/entry.js (1 module)
[2026-06-10T03:26:07.948Z] [1]  LOG  [web] Logs will appear in the browser console
[2026-06-10T03:30:59.548Z] [1] EXPO_USE_METRO_WORKSPACE_ROOT is enabled by default, use EXPO_NO_METRO_WORKSPACE_ROOT instead to disable.
[2026-06-10T03:30:59.549Z] [1] EXPO_USE_METRO_WORKSPACE_ROOT is enabled by default, use EXPO_NO_METRO_WORKSPACE_ROOT instead to disable.
[2026-06-10T03:30:59.553Z] [1] Web node_modules/expo-router/entry.js ░░░░░░░░░░░░░░░░  0.0% (0/1)
[2026-06-10T03:30:59.759Z] [1] λ Bundled 72ms node_modules/expo-router/node/render.js (1 module)
[2026-06-10T03:30:59.963Z] [1] λ  LOG  { colorScheme: 'light', setColorScheme: [Function (anonymous)] } {
[2026-06-10T03:30:59.963Z] [1]   '--color-primary': '#0a7ea4',
[2026-06-10T03:30:59.963Z] [1]   '--color-background': '#ffffff',
[2026-06-10T03:30:59.963Z] [1]   '--color-surface': '#f5f5f5',
[2026-06-10T03:30:59.963Z] [1]   '--color-foreground': '#11181C',
[2026-06-10T03:30:59.963Z] [1]   '--color-muted': '#687076',
[2026-06-10T03:30:59.963Z] [1]   '--color-border': '#E5E7EB',
[2026-06-10T03:30:59.963Z] [1]   '--color-success': '#22C55E',
[2026-06-10T03:30:59.963Z] [1]   '--color-warning': '#F59E0B',
[2026-06-10T03:30:59.963Z] [1]   '--color-error': '#EF4444'
[2026-06-10T03:30:59.963Z] [1] }
[2026-06-10T03:30:59.985Z] [1] λ  WARN  props.pointerEvents is deprecated. Use style.pointerEvents
[2026-06-10T03:30:59.992Z] [1] Web node_modules/expo-router/entry.js ░░░░░░░░░░░░░░░░  0.0% (0/1)
[2026-06-10T03:31:00.004Z] [1] Web Bundled 452ms node_modules/expo-router/entry.js (1 module)
[2026-06-10T03:31:00.285Z] [1] Web Bundled 73ms node_modules/expo-router/entry.js (1 module)
[2026-06-10T03:31:01.229Z] [1]  LOG  [web] Logs will appear in the browser console
[2026-06-10T03:31:01.983Z] [1] EXPO_USE_METRO_WORKSPACE_ROOT is enabled by default, use EXPO_NO_METRO_WORKSPACE_ROOT instead to disable.
[2026-06-10T03:31:01.985Z] [1] EXPO_USE_METRO_WORKSPACE_ROOT is enabled by default, use EXPO_NO_METRO_WORKSPACE_ROOT instead to disable.
[2026-06-10T03:31:02.154Z] [1] λ Bundled 46ms node_modules/expo-router/node/render.js (1 module)
[2026-06-10T03:31:02.329Z] [1] λ  LOG  { colorScheme: 'light', setColorScheme: [Function (anonymous)] } {
[2026-06-10T03:31:02.329Z] [1]   '--color-primary': '#0a7ea4',
[2026-06-10T03:31:02.329Z] [1]   '--color-background': '#ffffff',
[2026-06-10T03:31:02.329Z] [1]   '--color-surface': '#f5f5f5',
[2026-06-10T03:31:02.329Z] [1]   '--color-foreground': '#11181C',
[2026-06-10T03:31:02.329Z] [1]   '--color-muted': '#687076',
[2026-06-10T03:31:02.330Z] [1]   '--color-border': '#E5E7EB',
[2026-06-10T03:31:02.330Z] [1]   '--color-success': '#22C55E',
[2026-06-10T03:31:02.330Z] [1]   '--color-warning': '#F59E0B',
[2026-06-10T03:31:02.330Z] [1]   '--color-error': '#EF4444'
[2026-06-10T03:31:02.330Z] [1] }
[2026-06-10T03:31:02.347Z] [1] λ  WARN  props.pointerEvents is deprecated. Use style.pointerEvents
[2026-06-10T03:31:02.353Z] [1]
[2026-06-10T03:31:02.353Z] Web node_modules/expo-router/entry.js ░░░░░░░░░░░░░░░░  0.0% (0/1)
[2026-06-10T03:31:02.363Z] [1] Web Bundled 377ms node_modules/expo-router/entry.js (1 module)
[2026-06-10T03:31:03.128Z] [1] EXPO_USE_METRO_WORKSPACE_ROOT is enabled by default, use EXPO_NO_METRO_WORKSPACE_ROOT instead to disable.
[2026-06-10T03:31:03.129Z] [1] EXPO_USE_METRO_WORKSPACE_ROOT is enabled by default, use EXPO_NO_METRO_WORKSPACE_ROOT instead to disable.
[2026-06-10T03:31:03.298Z] [1] λ Bundled 42ms node_modules/expo-router/node/render.js (1 module)
[2026-06-10T03:31:03.449Z] [1] λ  LOG  { colorScheme: 'light', setColorScheme: [Function (anonymous)] } {
[2026-06-10T03:31:03.449Z] [1]   '--color-primary': '#0a7ea4',
[2026-06-10T03:31:03.449Z] [1]   '--color-background': '#ffffff',
[2026-06-10T03:31:03.449Z] [1]   '--color-surface': '#f5f5f5',
[2026-06-10T03:31:03.449Z] [1]   '--color-foreground': '#11181C',
[2026-06-10T03:31:03.449Z] [1]   '--color-muted': '#687076',
[2026-06-10T03:31:03.449Z] [1]   '--color-border': '#E5E7EB',
[2026-06-10T03:31:03.449Z] [1]   '--color-success': '#22C55E',
[2026-06-10T03:31:03.449Z] [1]   '--color-warning': '#F59E0B',
[2026-06-10T03:31:03.449Z] [1]   '--color-error': '#EF4444'
[2026-06-10T03:31:03.449Z] [1] }
[2026-06-10T03:31:03.466Z] [1] λ  WARN  props.pointerEvents is deprecated. Use style.pointerEvents
[2026-06-10T03:31:03.471Z] [1]
[2026-06-10T03:31:03.471Z] Web node_modules/expo-router/entry.js ░░░░░░░░░░░░░░░░  0.0% (0/1)
[2026-06-10T03:31:03.481Z] [1] Web Bundled 350ms node_modules/expo-router/entry.js (1 module)
[2026-06-10T03:31:03.742Z] [1] Web Bundled 51ms node_modules/expo-router/entry.js (1 module)
[2026-06-10T03:31:04.685Z] [1]  LOG  [web] Logs will appear in the browser console
[2026-06-10T03:31:59.404Z] [1] EXPO_USE_METRO_WORKSPACE_ROOT is enabled by default, use EXPO_NO_METRO_WORKSPACE_ROOT instead to disable.
[2026-06-10T03:31:59.405Z] [1]
[2026-06-10T03:31:59.405Z] EXPO_USE_METRO_WORKSPACE_ROOT is enabled by default, use EXPO_NO_METRO_WORKSPACE_ROOT instead to disable.
[2026-06-10T03:31:59.406Z] [1]
[2026-06-10T03:31:59.406Z] Web node_modules/expo-router/entry.js ░░░░░░░░░░░░░░░░  0.0% (0/1)
[2026-06-10T03:31:59.564Z] [1] λ Bundled 35ms node_modules/expo-router/node/render.js (1 module)
[2026-06-10T03:31:59.706Z] [1] λ  LOG  { colorScheme: 'light', setColorScheme: [Function (anonymous)] } {
[2026-06-10T03:31:59.707Z] [1]   '--color-primary': '#0a7ea4',
[2026-06-10T03:31:59.707Z] [1]   '--color-background': '#ffffff',
[2026-06-10T03:31:59.707Z] [1]   '--color-surface': '#f5f5f5',
[2026-06-10T03:31:59.707Z] [1]   '--color-foreground': '#11181C',
[2026-06-10T03:31:59.707Z] [1]   '--color-muted': '#687076',
[2026-06-10T03:31:59.707Z] [1]   '--color-border': '#E5E7EB',
[2026-06-10T03:31:59.707Z] [1]   '--color-success': '#22C55E',
[2026-06-10T03:31:59.707Z] [1]   '--color-warning': '#F59E0B',
[2026-06-10T03:31:59.707Z] [1]   '--color-error': '#EF4444'
[2026-06-10T03:31:59.707Z] [1] }
[2026-06-10T03:31:59.722Z] [1] λ  WARN  props.pointerEvents is deprecated. Use style.pointerEvents
[2026-06-10T03:31:59.727Z] [1] Web node_modules/expo-router/entry.js ░░░░░░░░░░░░░░░░  0.0% (0/1)
[2026-06-10T03:31:59.747Z] [1] Web Bundled 341ms node_modules/expo-router/entry.js (1 module)
[2026-06-10T03:31:59.984Z] [1] Web Bundled 52ms node_modules/expo-router/entry.js (1 module)
[2026-06-10T03:32:00.880Z] [1]  LOG  [web] Logs will appear in the browser console
[2026-06-10T03:32:01.553Z] [1] EXPO_USE_METRO_WORKSPACE_ROOT is enabled by default, use EXPO_NO_METRO_WORKSPACE_ROOT instead to disable.
[2026-06-10T03:32:01.554Z] [1] EXPO_USE_METRO_WORKSPACE_ROOT is enabled by default, use EXPO_NO_METRO_WORKSPACE_ROOT instead to disable.
[2026-06-10T03:32:01.717Z] [1] λ Bundled 41ms node_modules/expo-router/node/render.js (1 module)
[2026-06-10T03:32:01.856Z] [1] λ  LOG  { colorScheme: 'light', setColorScheme: [Function (anonymous)] } {
[2026-06-10T03:32:01.856Z] [1]   '--color-primary': '#0a7ea4',
[2026-06-10T03:32:01.856Z] [1]   '--color-background': '#ffffff',
[2026-06-10T03:32:01.856Z] [1]   '--color-surface': '#f5f5f5',
[2026-06-10T03:32:01.856Z] [1]   '--color-foreground': '#11181C',
[2026-06-10T03:32:01.856Z] [1]   '--color-muted': '#687076',
[2026-06-10T03:32:01.856Z] [1]   '--color-border': '#E5E7EB',
[2026-06-10T03:32:01.856Z] [1]   '--color-success': '#22C55E',
[2026-06-10T03:32:01.856Z] [1]   '--color-warning': '#F59E0B',
[2026-06-10T03:32:01.856Z] [1]   '--color-error': '#EF4444'
[2026-06-10T03:32:01.856Z] [1] }
[2026-06-10T03:32:01.872Z] [1] λ  WARN  props.pointerEvents is deprecated. Use style.pointerEvents
[2026-06-10T03:32:01.877Z] [1] Web node_modules/expo-router/entry.js ░░░░░░░░░░░░░░░░  0.0% (0/1)
[2026-06-10T03:32:01.886Z] [1] Web Bundled 330ms node_modules/expo-router/entry.js (1 module)
[2026-06-10T03:32:02.538Z] [1] EXPO_USE_METRO_WORKSPACE_ROOT is enabled by default, use EXPO_NO_METRO_WORKSPACE_ROOT instead to disable.
[2026-06-10T03:32:02.539Z] [1] EXPO_USE_METRO_WORKSPACE_ROOT is enabled by default, use EXPO_NO_METRO_WORKSPACE_ROOT instead to disable.
[2026-06-10T03:32:02.697Z] [1] λ Bundled 33ms node_modules/expo-router/node/render.js (1 module)
[2026-06-10T03:32:02.820Z] [1] λ  LOG  { colorScheme: 'light', setColorScheme: [Function (anonymous)] } {
[2026-06-10T03:32:02.820Z] [1]   '--color-primary': '#0a7ea4',
[2026-06-10T03:32:02.820Z] [1]   '--color-background': '#ffffff',
[2026-06-10T03:32:02.820Z] [1]   '--color-surface': '#f5f5f5',
[2026-06-10T03:32:02.820Z] [1]   '--color-foreground': '#11181C',
[2026-06-10T03:32:02.820Z] [1]   '--color-muted': '#687076',
[2026-06-10T03:32:02.820Z] [1]   '--color-border': '#E5E7EB',
[2026-06-10T03:32:02.820Z] [1]   '--color-success': '#22C55E',
[2026-06-10T03:32:02.820Z] [1]   '--color-warning': '#F59E0B',
[2026-06-10T03:32:02.820Z] [1]   '--color-error': '#EF4444'
[2026-06-10T03:32:02.820Z] [1] }
[2026-06-10T03:32:02.834Z] [1] λ  WARN  props.pointerEvents is deprecated. Use style.pointerEvents
[2026-06-10T03:32:02.838Z] [1] Web node_modules/expo-router/entry.js ░░░░░░░░░░░░░░░░  0.0% (0/1)
[2026-06-10T03:32:02.847Z] [1] Web Bundled 306ms node_modules/expo-router/entry.js (1 module)
[2026-06-10T03:32:03.063Z] [1] Web Bundled 48ms node_modules/expo-router/entry.js (1 module)
[2026-06-10T03:32:04.193Z] [1]  LOG  [web] Logs will appear in the browser console
[2026-06-10T03:40:39.150Z] [0] [Auth] Missing session cookie
[2026-06-10T03:40:41.403Z] [0] Error fetching trending series: DrizzleQueryError: Failed query: select `id`, `title`, `slug`, `description`, `author`, `artist`, `coverImageUrl`, `status`, `releaseYear`, `rating`, `ratingCount`, `viewCount`, `isPremium`, `isFeatured`, `featuredOrder`, `genres`, `createdAt`, `updatedAt` from `series` order by `series`.`viewCount` desc limit ?
[2026-06-10T03:40:41.404Z] [0] params: 10
[2026-06-10T03:40:41.404Z] [0]     at MySql2PreparedQuery.queryWithCache (/home/ubuntu/manga-reader-app/node_modules/src/mysql-core/session.ts:79:11)
[2026-06-10T03:40:41.404Z] [0]     at process.processTicksAndRejections (node:internal/process/task_queues:105:5)
[2026-06-10T03:40:41.404Z] [0]     at async MySql2PreparedQuery.execute (/home/ubuntu/manga-reader-app/node_modules/src/mysql2/session.ts:132:18)
[2026-06-10T03:40:41.404Z] [0]     at async Object.getTrendingSeries (/home/ubuntu/manga-reader-app/server/db.ts:304:12)
[2026-06-10T03:40:41.404Z] [0]     at async resolveMiddleware (/home/ubuntu/manga-reader-app/node_modules/@trpc/server/dist/initTRPC-Bq6NzC7R.cjs:221:17)
[2026-06-10T03:40:41.404Z] [0]     at async callRecursive (/home/ubuntu/manga-reader-app/node_modules/@trpc/server/dist/initTRPC-Bq6NzC7R.cjs:256:18)
[2026-06-10T03:40:41.404Z] [0]     at async callRecursive (/home/ubuntu/manga-reader-app/node_modules/@trpc/server/dist/initTRPC-Bq6NzC7R.cjs:256:18)
[2026-06-10T03:40:41.404Z] [0]     at async procedure (/home/ubuntu/manga-reader-app/node_modules/@trpc/server/dist/initTRPC-Bq6NzC7R.cjs:281:18)
[2026-06-10T03:40:41.404Z] [0]     at async /home/ubuntu/manga-reader-app/node_modules/@trpc/server/dist/resolveResponse-BGrZsJDx.cjs:1948:18
[2026-06-10T03:40:41.404Z] [0]     at async Promise.all (index 1) {
[2026-06-10T03:40:41.404Z] [0]   query: 'select `id`, `title`, `slug`, `description`, `author`, `artist`, `coverImageUrl`, `status`, `releaseYear`, `rating`, `ratingCount`, `viewCount`, `isPremium`, `isFeatured`, `featuredOrder`, `genres`, `createdAt`, `updatedAt` from `series` order by `series`.`viewCount` desc limit ?',
[2026-06-10T03:40:41.404Z] [0]   params: [ 10 ],
[2026-06-10T03:40:41.404Z] [0]   cause: Error: Table '633ug6bxqrxf72dcobutfw.series' doesn't exist
[2026-06-10T03:40:41.404Z] [0]       at PromiseConnection.query (/home/ubuntu/manga-reader-app/node_modules/mysql2/lib/promise/connection.js:29:22)
[2026-06-10T03:40:41.404Z] [0]       at <anonymous> (/home/ubuntu/manga-reader-app/node_modules/src/mysql2/session.ts:133:24)
[2026-06-10T03:40:41.404Z] [0]       at MySql2PreparedQuery.queryWithCache (/home/ubuntu/manga-reader-app/node_modules/src/mysql-core/session.ts:77:18)
[2026-06-10T03:40:41.404Z] [0]       at MySql2PreparedQuery.execute (/home/ubuntu/manga-reader-app/node_modules/src/mysql2/session.ts:132:29)
[2026-06-10T03:40:41.404Z] [0]       at MySqlSelectBase.execute (/home/ubuntu/manga-reader-app/node_modules/src/mysql-core/query-builders/select.ts:1145:25)
[2026-06-10T03:40:41.404Z] [0]       at MySqlSelectBase.then (/home/ubuntu/manga-reader-app/node_modules/src/query-promise.ts:31:15)
[2026-06-10T03:40:41.404Z] [0]       at process.processTicksAndRejections (node:internal/process/task_queues:105:5) {
[2026-06-10T03:40:41.404Z] [0]     code: 'ER_NO_SUCH_TABLE',
[2026-06-10T03:40:41.404Z] [0]     errno: 1146,
[2026-06-10T03:40:41.404Z] [0]     sql: 'select `id`, `title`, `slug`, `description`, `author`, `artist`, `coverImageUrl`, `status`, `releaseYear`, `rating`, `ratingCount`, `viewCount`, `isPremium`, `isFeatured`, `featuredOrder`, `genres`, `createdAt`, `updatedAt` from `series` order by `series`.`viewCount` desc limit 10',
[2026-06-10T03:40:41.404Z] [0]     sqlState: '42S02',
[2026-06-10T03:40:41.404Z] [0]     sqlMessage: "Table '633ug6bxqrxf72dcobutfw.series' doesn't exist"
[2026-06-10T03:40:41.404Z] [0]   }
[2026-06-10T03:40:41.404Z] [0] }
[2026-06-10T03:40:42.157Z] [0] Error fetching featured series: DrizzleQueryError: Failed query: select `id`, `title`, `slug`, `description`, `author`, `artist`, `coverImageUrl`, `status`, `releaseYear`, `rating`, `ratingCount`, `viewCount`, `isPremium`, `isFeatured`, `featuredOrder`, `genres`, `createdAt`, `updatedAt` from `series` where `series`.`isFeatured` = ? order by `series`.`featuredOrder` asc limit ?
[2026-06-10T03:40:42.157Z] [0] params: true,10
[2026-06-10T03:40:42.157Z] [0]     at MySql2PreparedQuery.queryWithCache (/home/ubuntu/manga-reader-app/node_modules/src/mysql-core/session.ts:79:11)
[2026-06-10T03:40:42.157Z] [0]     at process.processTicksAndRejections (node:internal/process/task_queues:105:5)
[2026-06-10T03:40:42.157Z] [0]     at async MySql2PreparedQuery.execute (/home/ubuntu/manga-reader-app/node_modules/src/mysql2/session.ts:132:18)
[2026-06-10T03:40:42.157Z] [0]     at async Object.getFeaturedSeries (/home/ubuntu/manga-reader-app/server/db.ts:287:12)
[2026-06-10T03:40:42.157Z] [0]     at async resolveMiddleware (/home/ubuntu/manga-reader-app/node_modules/@trpc/server/dist/initTRPC-Bq6NzC7R.cjs:221:17)
[2026-06-10T03:40:42.157Z] [0]     at async callRecursive (/home/ubuntu/manga-reader-app/node_modules/@trpc/server/dist/initTRPC-Bq6NzC7R.cjs:256:18)
[2026-06-10T03:40:42.158Z] [0]     at async callRecursive (/home/ubuntu/manga-reader-app/node_modules/@trpc/server/dist/initTRPC-Bq6NzC7R.cjs:256:18)
[2026-06-10T03:40:42.158Z] [0]     at async procedure (/home/ubuntu/manga-reader-app/node_modules/@trpc/server/dist/initTRPC-Bq6NzC7R.cjs:281:18)
[2026-06-10T03:40:42.158Z] [0]     at async /home/ubuntu/manga-reader-app/node_modules/@trpc/server/dist/resolveResponse-BGrZsJDx.cjs:1948:18
[2026-06-10T03:40:42.158Z] [0]     at async Promise.all (index 0) {
[2026-06-10T03:40:42.158Z] [0]   query: 'select `id`, `title`, `slug`, `description`, `author`, `artist`, `coverImageUrl`, `status`, `releaseYear`, `rating`, `ratingCount`, `viewCount`, `isPremium`, `isFeatured`, `featuredOrder`, `genres`, `createdAt`, `updatedAt` from `series` where `series`.`isFeatured` = ? order by `series`.`featuredOrder` asc limit ?',
[2026-06-10T03:40:42.158Z] [0]   params: [ true, 10 ],
[2026-06-10T03:40:42.158Z] [0]   cause: Error: Table '633ug6bxqrxf72dcobutfw.series' doesn't exist
[2026-06-10T03:40:42.158Z] [0]       at PromiseConnection.query (/home/ubuntu/manga-reader-app/node_modules/mysql2/lib/promise/connection.js:29:22)
[2026-06-10T03:40:42.158Z] [0]       at <anonymous> (/home/ubuntu/manga-reader-app/node_modules/src/mysql2/session.ts:133:24)
[2026-06-10T03:40:42.158Z] [0]       at MySql2PreparedQuery.queryWithCache (/home/ubuntu/manga-reader-app/node_modules/src/mysql-core/session.ts:77:18)
[2026-06-10T03:40:42.158Z] [0]       at MySql2PreparedQuery.execute (/home/ubuntu/manga-reader-app/node_modules/src/mysql2/session.ts:132:29)
[2026-06-10T03:40:42.158Z] [0]       at MySqlSelectBase.execute (/home/ubuntu/manga-reader-app/node_modules/src/mysql-core/query-builders/select.ts:1145:25)
[2026-06-10T03:40:42.158Z] [0]       at MySqlSelectBase.then (/home/ubuntu/manga-reader-app/node_modules/src/query-promise.ts:31:15)
[2026-06-10T03:40:42.158Z] [0]       at process.processTicksAndRejections (node:internal/process/task_queues:105:5) {
[2026-06-10T03:40:42.158Z] [0]     code: 'ER_NO_SUCH_TABLE',
[2026-06-10T03:40:42.158Z] [0]     errno: 1146,
[2026-06-10T03:40:42.158Z] [0]     sql: 'select `id`, `title`, `slug`, `description`, `author`, `artist`, `coverImageUrl`, `status`, `releaseYear`, `rating`, `ratingCount`, `viewCount`, `isPremium`, `isFeatured`, `featuredOrder`, `genres`, `createdAt`, `updatedAt` from `series` where `series`.`isFeatured` = true order by `series`.`featuredOrder` asc limit 10',
[2026-06-10T03:40:42.158Z] [0]     sqlState: '42S02',
[2026-06-10T03:40:42.158Z] [0]     sqlMessage: "Table '633ug6bxqrxf72dcobutfw.series' doesn't exist"
[2026-06-10T03:40:42.158Z] [0]   }
[2026-06-10T03:40:42.158Z] [0] }
[2026-06-10T03:40:47.000Z] [0] [Auth] Missing session cookie
[2026-06-10T03:40:47.218Z] [0] Error fetching featured series: DrizzleQueryError: Failed query: select `id`, `title`, `slug`, `description`, `author`, `artist`, `coverImageUrl`, `status`, `releaseYear`, `rating`, `ratingCount`, `viewCount`, `isPremium`, `isFeatured`, `featuredOrder`, `genres`, `createdAt`, `updatedAt` from `series` where `series`.`isFeatured` = ? order by `series`.`featuredOrder` asc limit ?
[2026-06-10T03:40:47.218Z] [0] params: true,10
[2026-06-10T03:40:47.218Z] [0]     at MySql2PreparedQuery.queryWithCache (/home/ubuntu/manga-reader-app/node_modules/src/mysql-core/session.ts:79:11)
[2026-06-10T03:40:47.218Z] [0]     at process.processTicksAndRejections (node:internal/process/task_queues:105:5)
[2026-06-10T03:40:47.218Z] [0]     at async MySql2PreparedQuery.execute (/home/ubuntu/manga-reader-app/node_modules/src/mysql2/session.ts:132:18)
[2026-06-10T03:40:47.218Z] [0]     at async Object.getFeaturedSeries (/home/ubuntu/manga-reader-app/server/db.ts:287:12)
[2026-06-10T03:40:47.218Z] [0]     at async resolveMiddleware (/home/ubuntu/manga-reader-app/node_modules/@trpc/server/dist/initTRPC-Bq6NzC7R.cjs:221:17)
[2026-06-10T03:40:47.218Z] [0]     at async callRecursive (/home/ubuntu/manga-reader-app/node_modules/@trpc/server/dist/initTRPC-Bq6NzC7R.cjs:256:18)
[2026-06-10T03:40:47.218Z] [0]     at async callRecursive (/home/ubuntu/manga-reader-app/node_modules/@trpc/server/dist/initTRPC-Bq6NzC7R.cjs:256:18)
[2026-06-10T03:40:47.218Z] [0]     at async procedure (/home/ubuntu/manga-reader-app/node_modules/@trpc/server/dist/initTRPC-Bq6NzC7R.cjs:281:18)
[2026-06-10T03:40:47.218Z] [0]     at async /home/ubuntu/manga-reader-app/node_modules/@trpc/server/dist/resolveResponse-BGrZsJDx.cjs:1948:18
[2026-06-10T03:40:47.218Z] [0]     at async Promise.all (index 0) {
[2026-06-10T03:40:47.218Z] [0]   query: 'select `id`, `title`, `slug`, `description`, `author`, `artist`, `coverImageUrl`, `status`, `releaseYear`, `rating`, `ratingCount`, `viewCount`, `isPremium`, `isFeatured`, `featuredOrder`, `genres`, `createdAt`, `updatedAt` from `series` where `series`.`isFeatured` = ? order by `series`.`featuredOrder` asc limit ?',
[2026-06-10T03:40:47.218Z] [0]   params: [ true, 10 ],
[2026-06-10T03:40:47.218Z] [0]   cause: Error: Table '633ug6bxqrxf72dcobutfw.series' doesn't exist
[2026-06-10T03:40:47.218Z] [0]       at PromiseConnection.query (/home/ubuntu/manga-reader-app/node_modules/mysql2/lib/promise/connection.js:29:22)
[2026-06-10T03:40:47.219Z] [0]       at <anonymous> (/home/ubuntu/manga-reader-app/node_modules/src/mysql2/session.ts:133:24)
[2026-06-10T03:40:47.219Z] [0]       at MySql2PreparedQuery.queryWithCache (/home/ubuntu/manga-reader-app/node_modules/src/mysql-core/session.ts:77:18)
[2026-06-10T03:40:47.219Z] [0]       at MySql2PreparedQuery.execute (/home/ubuntu/manga-reader-app/node_modules/src/mysql2/session.ts:132:29)
[2026-06-10T03:40:47.219Z] [0]       at MySqlSelectBase.execute (/home/ubuntu/manga-reader-app/node_modules/src/mysql-core/query-builders/select.ts:1145:25)
[2026-06-10T03:40:47.219Z] [0]       at MySqlSelectBase.then (/home/ubuntu/manga-reader-app/node_modules/src/query-promise.ts:31:15)
[2026-06-10T03:40:47.219Z] [0]       at process.processTicksAndRejections (node:internal/process/task_queues:105:5) {
[2026-06-10T03:40:47.219Z] [0]     code: 'ER_NO_SUCH_TABLE',
[2026-06-10T03:40:47.219Z] [0]     errno: 1146,
[2026-06-10T03:40:47.219Z] [0]     sql: 'select `id`, `title`, `slug`, `description`, `author`, `artist`, `coverImageUrl`, `status`, `releaseYear`, `rating`, `ratingCount`, `viewCount`, `isPremium`, `isFeatured`, `featuredOrder`, `genres`, `createdAt`, `updatedAt` from `series` where `series`.`isFeatured` = true order by `series`.`featuredOrder` asc limit 10',
[2026-06-10T03:40:47.219Z] [0]     sqlState: '42S02',
[2026-06-10T03:40:47.219Z] [0]     sqlMessage: "Table '633ug6bxqrxf72dcobutfw.series' doesn't exist"
[2026-06-10T03:40:47.219Z] [0]   }
[2026-06-10T03:40:47.219Z] [0] }
[2026-06-10T03:40:47.432Z] [0] Error fetching trending series: DrizzleQueryError: Failed query: select `id`, `title`, `slug`, `description`, `author`, `artist`, `coverImageUrl`, `status`, `releaseYear`, `rating`, `ratingCount`, `viewCount`, `isPremium`, `isFeatured`, `featuredOrder`, `genres`, `createdAt`, `updatedAt` from `series` order by `series`.`viewCount` desc limit ?
[2026-06-10T03:40:47.432Z] [0] params: 10
[2026-06-10T03:40:47.432Z] [0]     at MySql2PreparedQuery.queryWithCache (/home/ubuntu/manga-reader-app/node_modules/src/mysql-core/session.ts:79:11)
[2026-06-10T03:40:47.432Z] [0]     at process.processTicksAndRejections (node:internal/process/task_queues:105:5)
[2026-06-10T03:40:47.432Z] [0]     at async MySql2PreparedQuery.execute (/home/ubuntu/manga-reader-app/node_modules/src/mysql2/session.ts:132:18)
[2026-06-10T03:40:47.432Z] [0]     at async Object.getTrendingSeries (/home/ubuntu/manga-reader-app/server/db.ts:304:12)
[2026-06-10T03:40:47.432Z] [0]     at async resolveMiddleware (/home/ubuntu/manga-reader-app/node_modules/@trpc/server/dist/initTRPC-Bq6NzC7R.cjs:221:17)
[2026-06-10T03:40:47.432Z] [0]     at async callRecursive (/home/ubuntu/manga-reader-app/node_modules/@trpc/server/dist/initTRPC-Bq6NzC7R.cjs:256:18)
[2026-06-10T03:40:47.432Z] [0]     at async callRecursive (/home/ubuntu/manga-reader-app/node_modules/@trpc/server/dist/initTRPC-Bq6NzC7R.cjs:256:18)
[2026-06-10T03:40:47.432Z] [0]     at async procedure (/home/ubuntu/manga-reader-app/node_modules/@trpc/server/dist/initTRPC-Bq6NzC7R.cjs:281:18)
[2026-06-10T03:40:47.432Z] [0]     at async /home/ubuntu/manga-reader-app/node_modules/@trpc/server/dist/resolveResponse-BGrZsJDx.cjs:1948:18
[2026-06-10T03:40:47.432Z] [0]     at async Promise.all (index 1) {
[2026-06-10T03:40:47.432Z] [0]   query: 'select `id`, `title`, `slug`, `description`, `author`, `artist`, `coverImageUrl`, `status`, `releaseYear`, `rating`, `ratingCount`, `viewCount`, `isPremium`, `isFeatured`, `featuredOrder`, `genres`, `createdAt`, `updatedAt` from `series` order by `series`.`viewCount` desc limit ?',
[2026-06-10T03:40:47.432Z] [0]   params: [ 10 ],
[2026-06-10T03:40:47.432Z] [0]   cause: Error: Table '633ug6bxqrxf72dcobutfw.series' doesn't exist
[2026-06-10T03:40:47.432Z] [0]       at PromiseConnection.query (/home/ubuntu/manga-reader-app/node_modules/mysql2/lib/promise/connection.js:29:22)
[2026-06-10T03:40:47.433Z] [0]       at <anonymous> (/home/ubuntu/manga-reader-app/node_modules/src/mysql2/session.ts:133:24)
[2026-06-10T03:40:47.433Z] [0]       at MySql2PreparedQuery.queryWithCache (/home/ubuntu/manga-reader-app/node_modules/src/mysql-core/session.ts:77:18)
[2026-06-10T03:40:47.433Z] [0]       at MySql2PreparedQuery.execute (/home/ubuntu/manga-reader-app/node_modules/src/mysql2/session.ts:132:29)
[2026-06-10T03:40:47.433Z] [0]       at MySqlSelectBase.execute (/home/ubuntu/manga-reader-app/node_modules/src/mysql-core/query-builders/select.ts:1145:25)
[2026-06-10T03:40:47.433Z] [0]       at MySqlSelectBase.then (/home/ubuntu/manga-reader-app/node_modules/src/query-promise.ts:31:15)
[2026-06-10T03:40:47.433Z] [0]       at process.processTicksAndRejections (node:internal/process/task_queues:105:5) {
[2026-06-10T03:40:47.433Z] [0]     code: 'ER_NO_SUCH_TABLE',
[2026-06-10T03:40:47.433Z] [0]     errno: 1146,
[2026-06-10T03:40:47.433Z] [0]     sql: 'select `id`, `title`, `slug`, `description`, `author`, `artist`, `coverImageUrl`, `status`, `releaseYear`, `rating`, `ratingCount`, `viewCount`, `isPremium`, `isFeatured`, `featuredOrder`, `genres`, `createdAt`, `updatedAt` from `series` order by `series`.`viewCount` desc limit 10',
[2026-06-10T03:40:47.433Z] [0]     sqlState: '42S02',
[2026-06-10T03:40:47.433Z] [0]     sqlMessage: "Table '633ug6bxqrxf72dcobutfw.series' doesn't exist"
[2026-06-10T03:40:47.433Z] [0]   }
[2026-06-10T03:40:47.433Z] [0] }
[2026-06-10T03:40:51.994Z] [0] [Auth] Missing session cookie
[2026-06-10T03:40:52.211Z] [0] Error fetching featured series: DrizzleQueryError: Failed query: select `id`, `title`, `slug`, `description`, `author`, `artist`, `coverImageUrl`, `status`, `releaseYear`, `rating`, `ratingCount`, `viewCount`, `isPremium`, `isFeatured`, `featuredOrder`, `genres`, `createdAt`, `updatedAt` from `series` where `series`.`isFeatured` = ? order by `series`.`featuredOrder` asc limit ?
[2026-06-10T03:40:52.212Z] [0] params: true,10
[2026-06-10T03:40:52.212Z] [0]     at MySql2PreparedQuery.queryWithCache (/home/ubuntu/manga-reader-app/node_modules/src/mysql-core/session.ts:79:11)
[2026-06-10T03:40:52.212Z] [0]     at process.processTicksAndRejections (node:internal/process/task_queues:105:5)
[2026-06-10T03:40:52.212Z] [0]     at async MySql2PreparedQuery.execute (/home/ubuntu/manga-reader-app/node_modules/src/mysql2/session.ts:132:18)
[2026-06-10T03:40:52.212Z] [0]     at async Object.getFeaturedSeries (/home/ubuntu/manga-reader-app/server/db.ts:287:12)
[2026-06-10T03:40:52.212Z] [0]     at async resolveMiddleware (/home/ubuntu/manga-reader-app/node_modules/@trpc/server/dist/initTRPC-Bq6NzC7R.cjs:221:17)
[2026-06-10T03:40:52.212Z] [0]     at async callRecursive (/home/ubuntu/manga-reader-app/node_modules/@trpc/server/dist/initTRPC-Bq6NzC7R.cjs:256:18)
[2026-06-10T03:40:52.212Z] [0]     at async callRecursive (/home/ubuntu/manga-reader-app/node_modules/@trpc/server/dist/initTRPC-Bq6NzC7R.cjs:256:18)
[2026-06-10T03:40:52.212Z] [0]     at async procedure (/home/ubuntu/manga-reader-app/node_modules/@trpc/server/dist/initTRPC-Bq6NzC7R.cjs:281:18)
[2026-06-10T03:40:52.212Z] [0]     at async /home/ubuntu/manga-reader-app/node_modules/@trpc/server/dist/resolveResponse-BGrZsJDx.cjs:1948:18
[2026-06-10T03:40:52.212Z] [0]     at async Promise.all (index 0) {
[2026-06-10T03:40:52.212Z] [0]   query: 'select `id`, `title`, `slug`, `description`, `author`, `artist`, `coverImageUrl`, `status`, `releaseYear`, `rating`, `ratingCount`, `viewCount`, `isPremium`, `isFeatured`, `featuredOrder`, `genres`, `createdAt`, `updatedAt` from `series` where `series`.`isFeatured` = ? order by `series`.`featuredOrder` asc limit ?',
[2026-06-10T03:40:52.212Z] [0]   params: [ true, 10 ],
[2026-06-10T03:40:52.212Z] [0]   cause: Error: Table '633ug6bxqrxf72dcobutfw.series' doesn't exist
[2026-06-10T03:40:52.212Z] [0]       at PromiseConnection.query (/home/ubuntu/manga-reader-app/node_modules/mysql2/lib/promise/connection.js:29:22)
[2026-06-10T03:40:52.212Z] [0]       at <anonymous> (/home/ubuntu/manga-reader-app/node_modules/src/mysql2/session.ts:133:24)
[2026-06-10T03:40:52.212Z] [0]       at MySql2PreparedQuery.queryWithCache (/home/ubuntu/manga-reader-app/node_modules/src/mysql-core/session.ts:77:18)
[2026-06-10T03:40:52.212Z] [0]       at MySql2PreparedQuery.execute (/home/ubuntu/manga-reader-app/node_modules/src/mysql2/session.ts:132:29)
[2026-06-10T03:40:52.212Z] [0]       at MySqlSelectBase.execute (/home/ubuntu/manga-reader-app/node_modules/src/mysql-core/query-builders/select.ts:1145:25)
[2026-06-10T03:40:52.212Z] [0]       at MySqlSelectBase.then (/home/ubuntu/manga-reader-app/node_modules/src/query-promise.ts:31:15)
[2026-06-10T03:40:52.212Z] [0]       at process.processTicksAndRejections (node:internal/process/task_queues:105:5) {
[2026-06-10T03:40:52.212Z] [0]     code: 'ER_NO_SUCH_TABLE',
[2026-06-10T03:40:52.212Z] [0]     errno: 1146,
[2026-06-10T03:40:52.212Z] [0]     sql: 'select `id`, `title`, `slug`, `description`, `author`, `artist`, `coverImageUrl`, `status`, `releaseYear`, `rating`, `ratingCount`, `viewCount`, `isPremium`, `isFeatured`, `featuredOrder`, `genres`, `createdAt`, `updatedAt` from `series` where `series`.`isFeatured` = true order by `series`.`featuredOrder` asc limit 10',
[2026-06-10T03:40:52.212Z] [0]     sqlState: '42S02',
[2026-06-10T03:40:52.212Z] [0]     sqlMessage: "Table '633ug6bxqrxf72dcobutfw.series' doesn't exist"
[2026-06-10T03:40:52.212Z] [0]   }
[2026-06-10T03:40:52.212Z] [0] }
[2026-06-10T03:40:52.427Z] [0] Error fetching trending series: DrizzleQueryError: Failed query: select `id`, `title`, `slug`, `description`, `author`, `artist`, `coverImageUrl`, `status`, `releaseYear`, `rating`, `ratingCount`, `viewCount`, `isPremium`, `isFeatured`, `featuredOrder`, `genres`, `createdAt`, `updatedAt` from `series` order by `series`.`viewCount` desc limit ?
[2026-06-10T03:40:52.427Z] [0] params: 10
[2026-06-10T03:40:52.427Z] [0]     at MySql2PreparedQuery.queryWithCache (/home/ubuntu/manga-reader-app/node_modules/src/mysql-core/session.ts:79:11)
[2026-06-10T03:40:52.427Z] [0]     at process.processTicksAndRejections (node:internal/process/task_queues:105:5)
[2026-06-10T03:40:52.427Z] [0]     at async MySql2PreparedQuery.execute (/home/ubuntu/manga-reader-app/node_modules/src/mysql2/session.ts:132:18)
[2026-06-10T03:40:52.427Z] [0]     at async Object.getTrendingSeries (/home/ubuntu/manga-reader-app/server/db.ts:304:12)
[2026-06-10T03:40:52.427Z] [0]     at async resolveMiddleware (/home/ubuntu/manga-reader-app/node_modules/@trpc/server/dist/initTRPC-Bq6NzC7R.cjs:221:17)
[2026-06-10T03:40:52.427Z] [0]     at async callRecursive (/home/ubuntu/manga-reader-app/node_modules/@trpc/server/dist/initTRPC-Bq6NzC7R.cjs:256:18)
[2026-06-10T03:40:52.427Z] [0]     at async callRecursive (/home/ubuntu/manga-reader-app/node_modules/@trpc/server/dist/initTRPC-Bq6NzC7R.cjs:256:18)
[2026-06-10T03:40:52.427Z] [0]     at async procedure (/home/ubuntu/manga-reader-app/node_modules/@trpc/server/dist/initTRPC-Bq6NzC7R.cjs:281:18)
[2026-06-10T03:40:52.427Z] [0]     at async /home/ubuntu/manga-reader-app/node_modules/@trpc/server/dist/resolveResponse-BGrZsJDx.cjs:1948:18
[2026-06-10T03:40:52.427Z] [0]     at async Promise.all (index 1) {
[2026-06-10T03:40:52.427Z] [0]   query: 'select `id`, `title`, `slug`, `description`, `author`, `artist`, `coverImageUrl`, `status`, `releaseYear`, `rating`, `ratingCount`, `viewCount`, `isPremium`, `isFeatured`, `featuredOrder`, `genres`, `createdAt`, `updatedAt` from `series` order by `series`.`viewCount` desc limit ?',
[2026-06-10T03:40:52.427Z] [0]   params: [ 10 ],
[2026-06-10T03:40:52.427Z] [0]   cause: Error: Table '633ug6bxqrxf72dcobutfw.series' doesn't exist
[2026-06-10T03:40:52.427Z] [0]       at PromiseConnection.query (/home/ubuntu/manga-reader-app/node_modules/mysql2/lib/promise/connection.js:29:22)
[2026-06-10T03:40:52.427Z] [0]       at <anonymous> (/home/ubuntu/manga-reader-app/node_modules/src/mysql2/session.ts:133:24)
[2026-06-10T03:40:52.427Z] [0]       at MySql2PreparedQuery.queryWithCache (/home/ubuntu/manga-reader-app/node_modules/src/mysql-core/session.ts:77:18)
[2026-06-10T03:40:52.427Z] [0]       at MySql2PreparedQuery.execute (/home/ubuntu/manga-reader-app/node_modules/src/mysql2/session.ts:132:29)
[2026-06-10T03:40:52.427Z] [0]       at MySqlSelectBase.execute (/home/ubuntu/manga-reader-app/node_modules/src/mysql-core/query-builders/select.ts:1145:25)
[2026-06-10T03:40:52.427Z] [0]       at MySqlSelectBase.then (/home/ubuntu/manga-reader-app/node_modules/src/query-promise.ts:31:15)
[2026-06-10T03:40:52.427Z] [0]       at process.processTicksAndRejections (node:internal/process/task_queues:105:5) {
[2026-06-10T03:40:52.427Z] [0]     code: 'ER_NO_SUCH_TABLE',
[2026-06-10T03:40:52.427Z] [0]     errno: 1146,
[2026-06-10T03:40:52.427Z] [0]     sql: 'select `id`, `title`, `slug`, `description`, `author`, `artist`, `coverImageUrl`, `status`, `releaseYear`, `rating`, `ratingCount`, `viewCount`, `isPremium`, `isFeatured`, `featuredOrder`, `genres`, `createdAt`, `updatedAt` from `series` order by `series`.`viewCount` desc limit 10',
[2026-06-10T03:40:52.427Z] [0]     sqlState: '42S02',
[2026-06-10T03:40:52.427Z] [0]     sqlMessage: "Table '633ug6bxqrxf72dcobutfw.series' doesn't exist"
[2026-06-10T03:40:52.427Z] [0]   }
[2026-06-10T03:40:52.427Z] [0] }
[2026-06-10T03:40:59.995Z] [0] [Auth] Missing session cookie
[2026-06-10T03:41:00.213Z] [0] Error fetching featured series: DrizzleQueryError: Failed query: select `id`, `title`, `slug`, `description`, `author`, `artist`, `coverImageUrl`, `status`, `releaseYear`, `rating`, `ratingCount`, `viewCount`, `isPremium`, `isFeatured`, `featuredOrder`, `genres`, `createdAt`, `updatedAt` from `series` where `series`.`isFeatured` = ? order by `series`.`featuredOrder` asc limit ?
[2026-06-10T03:41:00.213Z] [0] params: true,10
[2026-06-10T03:41:00.213Z] [0]     at MySql2PreparedQuery.queryWithCache (/home/ubuntu/manga-reader-app/node_modules/src/mysql-core/session.ts:79:11)
[2026-06-10T03:41:00.213Z] [0]     at process.processTicksAndRejections (node:internal/process/task_queues:105:5)
[2026-06-10T03:41:00.213Z] [0]     at async MySql2PreparedQuery.execute (/home/ubuntu/manga-reader-app/node_modules/src/mysql2/session.ts:132:18)
[2026-06-10T03:41:00.213Z] [0]     at async Object.getFeaturedSeries (/home/ubuntu/manga-reader-app/server/db.ts:287:12)
[2026-06-10T03:41:00.213Z] [0]     at async resolveMiddleware (/home/ubuntu/manga-reader-app/node_modules/@trpc/server/dist/initTRPC-Bq6NzC7R.cjs:221:17)
[2026-06-10T03:41:00.213Z] [0]     at async callRecursive (/home/ubuntu/manga-reader-app/node_modules/@trpc/server/dist/initTRPC-Bq6NzC7R.cjs:256:18)
[2026-06-10T03:41:00.213Z] [0]     at async callRecursive (/home/ubuntu/manga-reader-app/node_modules/@trpc/server/dist/initTRPC-Bq6NzC7R.cjs:256:18)
[2026-06-10T03:41:00.213Z] [0]     at async procedure (/home/ubuntu/manga-reader-app/node_modules/@trpc/server/dist/initTRPC-Bq6NzC7R.cjs:281:18)
[2026-06-10T03:41:00.213Z] [0]     at async /home/ubuntu/manga-reader-app/node_modules/@trpc/server/dist/resolveResponse-BGrZsJDx.cjs:1948:18
[2026-06-10T03:41:00.213Z] [0]     at async Promise.all (index 0) {
[2026-06-10T03:41:00.213Z] [0]   query: 'select `id`, `title`, `slug`, `description`, `author`, `artist`, `coverImageUrl`, `status`, `releaseYear`, `rating`, `ratingCount`, `viewCount`, `isPremium`, `isFeatured`, `featuredOrder`, `genres`, `createdAt`, `updatedAt` from `series` where `series`.`isFeatured` = ? order by `series`.`featuredOrder` asc limit ?',
[2026-06-10T03:41:00.213Z] [0]   params: [ true, 10 ],
[2026-06-10T03:41:00.213Z] [0]   cause: Error: Table '633ug6bxqrxf72dcobutfw.series' doesn't exist
[2026-06-10T03:41:00.213Z] [0]       at PromiseConnection.query (/home/ubuntu/manga-reader-app/node_modules/mysql2/lib/promise/connection.js:29:22)
[2026-06-10T03:41:00.213Z] [0]       at <anonymous> (/home/ubuntu/manga-reader-app/node_modules/src/mysql2/session.ts:133:24)
[2026-06-10T03:41:00.213Z] [0]       at MySql2PreparedQuery.queryWithCache (/home/ubuntu/manga-reader-app/node_modules/src/mysql-core/session.ts:77:18)
[2026-06-10T03:41:00.213Z] [0]       at MySql2PreparedQuery.execute (/home/ubuntu/manga-reader-app/node_modules/src/mysql2/session.ts:132:29)
[2026-06-10T03:41:00.213Z] [0]       at MySqlSelectBase.execute (/home/ubuntu/manga-reader-app/node_modules/src/mysql-core/query-builders/select.ts:1145:25)
[2026-06-10T03:41:00.213Z] [0]       at MySqlSelectBase.then (/home/ubuntu/manga-reader-app/node_modules/src/query-promise.ts:31:15)
[2026-06-10T03:41:00.213Z] [0]       at process.processTicksAndRejections (node:internal/process/task_queues:105:5) {
[2026-06-10T03:41:00.213Z] [0]     code: 'ER_NO_SUCH_TABLE',
[2026-06-10T03:41:00.213Z] [0]     errno: 1146,
[2026-06-10T03:41:00.213Z] [0]     sql: 'select `id`, `title`, `slug`, `description`, `author`, `artist`, `coverImageUrl`, `status`, `releaseYear`, `rating`, `ratingCount`, `viewCount`, `isPremium`, `isFeatured`, `featuredOrder`, `genres`, `createdAt`, `updatedAt` from `series` where `series`.`isFeatured` = true order by `series`.`featuredOrder` asc limit 10',
[2026-06-10T03:41:00.213Z] [0]     sqlState: '42S02',
[2026-06-10T03:41:00.213Z] [0]     sqlMessage: "Table '633ug6bxqrxf72dcobutfw.series' doesn't exist"
[2026-06-10T03:41:00.213Z] [0]   }
[2026-06-10T03:41:00.213Z] [0] }
[2026-06-10T03:41:00.427Z] [0] Error fetching trending series: DrizzleQueryError: Failed query: select `id`, `title`, `slug`, `description`, `author`, `artist`, `coverImageUrl`, `status`, `releaseYear`, `rating`, `ratingCount`, `viewCount`, `isPremium`, `isFeatured`, `featuredOrder`, `genres`, `createdAt`, `updatedAt` from `series` order by `series`.`viewCount` desc limit ?
[2026-06-10T03:41:00.427Z] [0] params: 10
[2026-06-10T03:41:00.427Z] [0]     at MySql2PreparedQuery.queryWithCache (/home/ubuntu/manga-reader-app/node_modules/src/mysql-core/session.ts:79:11)
[2026-06-10T03:41:00.427Z] [0]     at process.processTicksAndRejections (node:internal/process/task_queues:105:5)
[2026-06-10T03:41:00.427Z] [0]     at async MySql2PreparedQuery.execute (/home/ubuntu/manga-reader-app/node_modules/src/mysql2/session.ts:132:18)
[2026-06-10T03:41:00.427Z] [0]     at async Object.getTrendingSeries (/home/ubuntu/manga-reader-app/server/db.ts:304:12)
[2026-06-10T03:41:00.427Z] [0]     at async resolveMiddleware (/home/ubuntu/manga-reader-app/node_modules/@trpc/server/dist/initTRPC-Bq6NzC7R.cjs:221:17)
[2026-06-10T03:41:00.427Z] [0]     at async callRecursive (/home/ubuntu/manga-reader-app/node_modules/@trpc/server/dist/initTRPC-Bq6NzC7R.cjs:256:18)
[2026-06-10T03:41:00.427Z] [0]     at async callRecursive (/home/ubuntu/manga-reader-app/node_modules/@trpc/server/dist/initTRPC-Bq6NzC7R.cjs:256:18)
[2026-06-10T03:41:00.427Z] [0]     at async procedure (/home/ubuntu/manga-reader-app/node_modules/@trpc/server/dist/initTRPC-Bq6NzC7R.cjs:281:18)
[2026-06-10T03:41:00.427Z] [0]     at async /home/ubuntu/manga-reader-app/node_modules/@trpc/server/dist/resolveResponse-BGrZsJDx.cjs:1948:18
[2026-06-10T03:41:00.427Z] [0]     at async Promise.all (index 1) {
[2026-06-10T03:41:00.427Z] [0]   query: 'select `id`, `title`, `slug`, `description`, `author`, `artist`, `coverImageUrl`, `status`, `releaseYear`, `rating`, `ratingCount`, `viewCount`, `isPremium`, `isFeatured`, `featuredOrder`, `genres`, `createdAt`, `updatedAt` from `series` order by `series`.`viewCount` desc limit ?',
[2026-06-10T03:41:00.427Z] [0]   params: [ 10 ],
[2026-06-10T03:41:00.427Z] [0]   cause: Error: Table '633ug6bxqrxf72dcobutfw.series' doesn't exist
[2026-06-10T03:41:00.427Z] [0]       at PromiseConnection.query (/home/ubuntu/manga-reader-app/node_modules/mysql2/lib/promise/connection.js:29:22)
[2026-06-10T03:41:00.427Z] [0]       at <anonymous> (/home/ubuntu/manga-reader-app/node_modules/src/mysql2/session.ts:133:24)
[2026-06-10T03:41:00.427Z] [0]       at MySql2PreparedQuery.queryWithCache (/home/ubuntu/manga-reader-app/node_modules/src/mysql-core/session.ts:77:18)
[2026-06-10T03:41:00.427Z] [0]       at MySql2PreparedQuery.execute (/home/ubuntu/manga-reader-app/node_modules/src/mysql2/session.ts:132:29)
[2026-06-10T03:41:00.427Z] [0]       at MySqlSelectBase.execute (/home/ubuntu/manga-reader-app/node_modules/src/mysql-core/query-builders/select.ts:1145:25)
[2026-06-10T03:41:00.427Z] [0]       at MySqlSelectBase.then (/home/ubuntu/manga-reader-app/node_modules/src/query-promise.ts:31:15)
[2026-06-10T03:41:00.427Z] [0]       at process.processTicksAndRejections (node:internal/process/task_queues:105:5) {
[2026-06-10T03:41:00.427Z] [0]     code: 'ER_NO_SUCH_TABLE',
[2026-06-10T03:41:00.427Z] [0]     errno: 1146,
[2026-06-10T03:41:00.427Z] [0]     sql: 'select `id`, `title`, `slug`, `description`, `author`, `artist`, `coverImageUrl`, `status`, `releaseYear`, `rating`, `ratingCount`, `viewCount`, `isPremium`, `isFeatured`, `featuredOrder`, `genres`, `createdAt`, `updatedAt` from `series` order by `series`.`viewCount` desc limit 10',
[2026-06-10T03:41:00.427Z] [0]     sqlState: '42S02',
[2026-06-10T03:41:00.427Z] [0]     sqlMessage: "Table '633ug6bxqrxf72dcobutfw.series' doesn't exist"
[2026-06-10T03:41:00.427Z] [0]   }
[2026-06-10T03:41:00.427Z] [0] }
[2026-06-10T03:41:31.046Z] [0] [Auth] Missing session cookie
[2026-06-10T03:41:43.181Z] [0] [Auth] Missing session cookie
[2026-06-10T03:41:58.030Z] [0] [Auth] Missing session cookie
[2026-06-10T03:42:15.056Z] [0] [Auth] Missing session cookie
[2026-06-10T03:43:18.058Z] [0] [Auth] Missing session cookie
[2026-06-10T03:43:32.045Z] [0] [Auth] Missing session cookie
[2026-06-10T03:44:01.080Z] [0] [Auth] Missing session cookie
[2026-06-10T03:49:46.179Z] [1] EXPO_USE_METRO_WORKSPACE_ROOT is enabled by default, use EXPO_NO_METRO_WORKSPACE_ROOT instead to disable.
[2026-06-10T03:49:46.181Z] [1] EXPO_USE_METRO_WORKSPACE_ROOT is enabled by default, use EXPO_NO_METRO_WORKSPACE_ROOT instead to disable.
[2026-06-10T03:49:46.183Z] [1] Web node_modules/expo-router/entry.js ░░░░░░░░░░░░░░░░  0.0% (0/1)
[2026-06-10T03:49:47.803Z] [1] λ Bundled 1620ms node_modules/expo-router/node/render.js (1 module)
[2026-06-10T03:49:48.282Z] [1] λ  WARN  Route "./(tabs)/library/_layout.tsx" is missing the required default export. Ensure a React component is exported as default.
[2026-06-10T03:49:48.282Z] [1] λ  WARN  Route "./(tabs)/profile/_layout.tsx" is missing the required default export. Ensure a React component is exported as default.
[2026-06-10T03:49:48.284Z] [1] λ  WARN  Route "./(tabs)/search/_layout.tsx" is missing the required default export. Ensure a React component is exported as default.
[2026-06-10T03:49:48.404Z] [1] λ  LOG  { colorScheme: 'light', setColorScheme: [Function (anonymous)] } {
[2026-06-10T03:49:48.404Z] [1]   '--color-primary': '#0a7ea4',
[2026-06-10T03:49:48.404Z] [1]   '--color-background': '#ffffff',
[2026-06-10T03:49:48.404Z] [1]   '--color-surface': '#f5f5f5',
[2026-06-10T03:49:48.404Z] [1]   '--color-foreground': '#11181C',
[2026-06-10T03:49:48.404Z] [1]   '--color-muted': '#687076',
[2026-06-10T03:49:48.404Z] [1]   '--color-border': '#E5E7EB',
[2026-06-10T03:49:48.404Z] [1]   '--color-success': '#22C55E',
[2026-06-10T03:49:48.404Z] [1]   '--color-warning': '#F59E0B',
[2026-06-10T03:49:48.404Z] [1]   '--color-error': '#EF4444'
[2026-06-10T03:49:48.404Z] [1] }
[2026-06-10T03:49:48.411Z] [1] λ  WARN  [Layout children]: No route named "(auth)" exists in nested children: [ '(tabs)', 'auth', 'dev/theme-lab', 'oauth/callback' ]
[2026-06-10T03:49:48.456Z] [1] λ  WARN  props.pointerEvents is deprecated. Use style.pointerEvents
[2026-06-10T03:49:48.508Z] [1] Web node_modules/expo-router/entry.js ░░░░░░░░░░░░░░░░  0.0% (0/1)
[2026-06-10T03:49:48.518Z] [1] Web Bundled 2335ms node_modules/expo-router/entry.js (1 module)
[2026-06-10T03:49:48.650Z] [1] Web Bundled 65ms node_modules/expo-router/entry.js (1 module)
[2026-06-10T03:49:49.202Z] [1]  LOG  [web] Logs will appear in the browser console
[2026-06-10T03:49:49.625Z] [0] [Auth] Missing session cookie
[2026-06-10T03:49:49.627Z] [0]
[2026-06-10T03:49:49.627Z] Error fetching featured series: DrizzleQueryError: Failed query: select `id`, `title`, `slug`, `description`, `author`, `artist`, `coverImageUrl`, `status`, `releaseYear`, `rating`, `ratingCount`, `viewCount`, `isPremium`, `isFeatured`, `featuredOrder`, `genres`, `createdAt`, `updatedAt` from `series` where `series`.`isFeatured` = ? order by `series`.`featuredOrder` asc limit ?
[2026-06-10T03:49:49.627Z] [0] params: true,10
[2026-06-10T03:49:49.627Z] [0]     at MySql2PreparedQuery.queryWithCache (/home/ubuntu/manga-reader-app/node_modules/src/mysql-core/session.ts:79:11)
[2026-06-10T03:49:49.627Z] [0]     at process.processTicksAndRejections (node:internal/process/task_queues:105:5)
[2026-06-10T03:49:49.627Z] [0]     at async MySql2PreparedQuery.execute (/home/ubuntu/manga-reader-app/node_modules/src/mysql2/session.ts:132:18)
[2026-06-10T03:49:49.627Z] [0]     at async Object.getFeaturedSeries (/home/ubuntu/manga-reader-app/server/db.ts:287:12)
[2026-06-10T03:49:49.627Z] [0]     at async resolveMiddleware (/home/ubuntu/manga-reader-app/node_modules/@trpc/server/dist/initTRPC-Bq6NzC7R.cjs:221:17)
[2026-06-10T03:49:49.627Z] [0]     at async callRecursive (/home/ubuntu/manga-reader-app/node_modules/@trpc/server/dist/initTRPC-Bq6NzC7R.cjs:256:18)
[2026-06-10T03:49:49.627Z] [0]     at async callRecursive (/home/ubuntu/manga-reader-app/node_modules/@trpc/server/dist/initTRPC-Bq6NzC7R.cjs:256:18)
[2026-06-10T03:49:49.627Z] [0]     at async procedure (/home/ubuntu/manga-reader-app/node_modules/@trpc/server/dist/initTRPC-Bq6NzC7R.cjs:281:18)
[2026-06-10T03:49:49.627Z] [0]     at async /home/ubuntu/manga-reader-app/node_modules/@trpc/server/dist/resolveResponse-BGrZsJDx.cjs:1948:18
[2026-06-10T03:49:49.627Z] [0]     at async Promise.all (index 0) {
[2026-06-10T03:49:49.627Z] [0]   query: 'select `id`, `title`, `slug`, `description`, `author`, `artist`, `coverImageUrl`, `status`, `releaseYear`, `rating`, `ratingCount`, `viewCount`, `isPremium`, `isFeatured`, `featuredOrder`, `genres`, `createdAt`, `updatedAt` from `series` where `series`.`isFeatured` = ? order by `series`.`featuredOrder` asc limit ?',
[2026-06-10T03:49:49.627Z] [0]   params: [ true, 10 ],
[2026-06-10T03:49:49.627Z] [0]   cause: Error: Can't add new command when connection is in closed state
[2026-06-10T03:49:49.627Z] [0]       at PromiseConnection.query (/home/ubuntu/manga-reader-app/node_modules/mysql2/lib/promise/connection.js:29:22)
[2026-06-10T03:49:49.627Z] [0]       at <anonymous> (/home/ubuntu/manga-reader-app/node_modules/src/mysql2/session.ts:133:24)
[2026-06-10T03:49:49.627Z] [0]       at MySql2PreparedQuery.queryWithCache (/home/ubuntu/manga-reader-app/node_modules/src/mysql-core/session.ts:77:18)
[2026-06-10T03:49:49.627Z] [0]       at MySql2PreparedQuery.execute (/home/ubuntu/manga-reader-app/node_modules/src/mysql2/session.ts:132:29)
[2026-06-10T03:49:49.627Z] [0]       at MySqlSelectBase.execute (/home/ubuntu/manga-reader-app/node_modules/src/mysql-core/query-builders/select.ts:1145:25)
[2026-06-10T03:49:49.627Z] [0]       at MySqlSelectBase.then (/home/ubuntu/manga-reader-app/node_modules/src/query-promise.ts:31:15)
[2026-06-10T03:49:49.627Z] [0]       at process.processTicksAndRejections (node:internal/process/task_queues:105:5) {
[2026-06-10T03:49:49.627Z] [0]     code: undefined,
[2026-06-10T03:49:49.627Z] [0]     errno: undefined,
[2026-06-10T03:49:49.627Z] [0]     sql: undefined,
[2026-06-10T03:49:49.627Z] [0]     sqlState: undefined,
[2026-06-10T03:49:49.627Z] [0]     sqlMessage: undefined
[2026-06-10T03:49:49.627Z] [0]   }
[2026-06-10T03:49:49.627Z] [0] }
[2026-06-10T03:49:49.627Z] [0]
[2026-06-10T03:49:49.627Z] Error fetching trending series: DrizzleQueryError: Failed query: select `id`, `title`, `slug`, `description`, `author`, `artist`, `coverImageUrl`, `status`, `releaseYear`, `rating`, `ratingCount`, `viewCount`, `isPremium`, `isFeatured`, `featuredOrder`, `genres`, `createdAt`, `updatedAt` from `series` order by `series`.`viewCount` desc limit ?
[2026-06-10T03:49:49.627Z] [0] params: 10
[2026-06-10T03:49:49.627Z] [0]     at MySql2PreparedQuery.queryWithCache (/home/ubuntu/manga-reader-app/node_modules/src/mysql-core/session.ts:79:11)
[2026-06-10T03:49:49.627Z] [0]     at process.processTicksAndRejections (node:internal/process/task_queues:105:5)
[2026-06-10T03:49:49.627Z] [0]     at async MySql2PreparedQuery.execute (/home/ubuntu/manga-reader-app/node_modules/src/mysql2/session.ts:132:18)
[2026-06-10T03:49:49.627Z] [0]     at async Object.getTrendingSeries (/home/ubuntu/manga-reader-app/server/db.ts:304:12)
[2026-06-10T03:49:49.627Z] [0]     at async resolveMiddleware (/home/ubuntu/manga-reader-app/node_modules/@trpc/server/dist/initTRPC-Bq6NzC7R.cjs:221:17)
[2026-06-10T03:49:49.627Z] [0]     at async callRecursive (/home/ubuntu/manga-reader-app/node_modules/@trpc/server/dist/initTRPC-Bq6NzC7R.cjs:256:18)
[2026-06-10T03:49:49.627Z] [0]     at async callRecursive (/home/ubuntu/manga-reader-app/node_modules/@trpc/server/dist/initTRPC-Bq6NzC7R.cjs:256:18)
[2026-06-10T03:49:49.627Z] [0]     at async procedure (/home/ubuntu/manga-reader-app/node_modules/@trpc/server/dist/initTRPC-Bq6NzC7R.cjs:281:18)
[2026-06-10T03:49:49.627Z] [0]     at async /home/ubuntu/manga-reader-app/node_modules/@trpc/server/dist/resolveResponse-BGrZsJDx.cjs:1948:18
[2026-06-10T03:49:49.627Z] [0]     at async Promise.all (index 1) {
[2026-06-10T03:49:49.627Z] [0]   query: 'select `id`, `title`, `slug`, `description`, `author`, `artist`, `coverImageUrl`, `status`, `releaseYear`, `rating`, `ratingCount`, `viewCount`, `isPremium`, `isFeatured`, `featuredOrder`, `genres`, `createdAt`, `updatedAt` from `series` order by `series`.`viewCount` desc limit ?',
[2026-06-10T03:49:49.628Z] [0]   params: [ 10 ],
[2026-06-10T03:49:49.628Z] [0]   cause: Error: Can't add new command when connection is in closed state
[2026-06-10T03:49:49.628Z] [0]       at PromiseConnection.query (/home/ubuntu/manga-reader-app/node_modules/mysql2/lib/promise/connection.js:29:22)
[2026-06-10T03:49:49.628Z] [0]       at <anonymous> (/home/ubuntu/manga-reader-app/node_modules/src/mysql2/session.ts:133:24)
[2026-06-10T03:49:49.628Z] [0]       at MySql2PreparedQuery.queryWithCache (/home/ubuntu/manga-reader-app/node_modules/src/mysql-core/session.ts:77:18)
[2026-06-10T03:49:49.628Z] [0]       at MySql2PreparedQuery.execute (/home/ubuntu/manga-reader-app/node_modules/src/mysql2/session.ts:132:29)
[2026-06-10T03:49:49.628Z] [0]       at MySqlSelectBase.execute (/home/ubuntu/manga-reader-app/node_modules/src/mysql-core/query-builders/select.ts:1145:25)
[2026-06-10T03:49:49.628Z] [0]       at MySqlSelectBase.then (/home/ubuntu/manga-reader-app/node_modules/src/query-promise.ts:31:15)
[2026-06-10T03:49:49.628Z] [0]       at process.processTicksAndRejections (node:internal/process/task_queues:105:5) {
[2026-06-10T03:49:49.628Z] [0]     code: undefined,
[2026-06-10T03:49:49.628Z] [0]     errno: undefined,
[2026-06-10T03:49:49.628Z] [0]     sql: undefined,
[2026-06-10T03:49:49.628Z] [0]     sqlState: undefined,
[2026-06-10T03:49:49.628Z] [0]     sqlMessage: undefined
[2026-06-10T03:49:49.628Z] [0]   }
[2026-06-10T03:49:49.628Z] [0] }
[2026-06-10T03:49:50.656Z] [0] [Auth] Missing session cookie
[2026-06-10T03:51:14.053Z] [1] EXPO_USE_METRO_WORKSPACE_ROOT is enabled by default, use EXPO_NO_METRO_WORKSPACE_ROOT instead to disable.
[2026-06-10T03:51:14.054Z] [1] EXPO_USE_METRO_WORKSPACE_ROOT is enabled by default, use EXPO_NO_METRO_WORKSPACE_ROOT instead to disable.
[2026-06-10T03:51:14.055Z] [1] Web node_modules/expo-router/entry.js ░░░░░░░░░░░░░░░░  0.0% (0/1)
[2026-06-10T03:51:14.231Z] [1] λ Bundled 49ms node_modules/expo-router/node/render.js (1 module)
[2026-06-10T03:51:14.376Z] [1] λ  WARN  Route "./(tabs)/library/_layout.tsx" is missing the required default export. Ensure a React component is exported as default.
[2026-06-10T03:51:14.377Z] [1] λ  WARN  Route "./(tabs)/profile/_layout.tsx" is missing the required default export. Ensure a React component is exported as default.
[2026-06-10T03:51:14.377Z] [1] λ  WARN  Route "./(tabs)/search/_layout.tsx" is missing the required default export. Ensure a React component is exported as default.
[2026-06-10T03:51:14.398Z] [1] λ  LOG  { colorScheme: 'light', setColorScheme: [Function (anonymous)] } {
[2026-06-10T03:51:14.398Z] [1]   '--color-primary': '#0a7ea4',
[2026-06-10T03:51:14.398Z] [1]   '--color-background': '#ffffff',
[2026-06-10T03:51:14.398Z] [1]   '--color-surface': '#f5f5f5',
[2026-06-10T03:51:14.398Z] [1]   '--color-foreground': '#11181C',
[2026-06-10T03:51:14.398Z] [1]   '--color-muted': '#687076',
[2026-06-10T03:51:14.398Z] [1]   '--color-border': '#E5E7EB',
[2026-06-10T03:51:14.398Z] [1]   '--color-success': '#22C55E',
[2026-06-10T03:51:14.398Z] [1]   '--color-warning': '#F59E0B',
[2026-06-10T03:51:14.398Z] [1]   '--color-error': '#EF4444'
[2026-06-10T03:51:14.398Z] [1] }
[2026-06-10T03:51:14.399Z] [1] λ  WARN  [Layout children]: No route named "(auth)" exists in nested children: [ '(tabs)', 'auth', 'dev/theme-lab', 'oauth/callback' ]
[2026-06-10T03:51:14.417Z] [1] λ  WARN  props.pointerEvents is deprecated. Use style.pointerEvents
[2026-06-10T03:51:14.432Z] [1] Web node_modules/expo-router/entry.js ░░░░░░░░░░░░░░░░  0.0% (0/1)
[2026-06-10T03:51:14.453Z] [1] Web Bundled 397ms node_modules/expo-router/entry.js (1 module)
[2026-06-10T03:51:14.726Z] [1] Web Bundled 56ms node_modules/expo-router/entry.js (1 module)
[2026-06-10T03:51:16.084Z] [1]  LOG  [web] Logs will appear in the browser console
[2026-06-10T03:51:16.691Z] [0] [Auth] Missing session cookie
[2026-06-10T03:51:16.693Z] [0]
[2026-06-10T03:51:16.693Z] Error fetching featured series: DrizzleQueryError: Failed query: select `id`, `title`, `slug`, `description`, `author`, `artist`, `coverImageUrl`, `status`, `releaseYear`, `rating`, `ratingCount`, `viewCount`, `isPremium`, `isFeatured`, `featuredOrder`, `genres`, `createdAt`, `updatedAt` from `series` where `series`.`isFeatured` = ? order by `series`.`featuredOrder` asc limit ?
[2026-06-10T03:51:16.693Z] [0] params: true,10
[2026-06-10T03:51:16.693Z] [0]     at MySql2PreparedQuery.queryWithCache (/home/ubuntu/manga-reader-app/node_modules/src/mysql-core/session.ts:79:11)
[2026-06-10T03:51:16.693Z] [0]     at process.processTicksAndRejections (node:internal/process/task_queues:105:5)
[2026-06-10T03:51:16.693Z] [0]     at async MySql2PreparedQuery.execute (/home/ubuntu/manga-reader-app/node_modules/src/mysql2/session.ts:132:18)
[2026-06-10T03:51:16.693Z] [0]     at async Object.getFeaturedSeries (/home/ubuntu/manga-reader-app/server/db.ts:287:12)
[2026-06-10T03:51:16.693Z] [0]     at async resolveMiddleware (/home/ubuntu/manga-reader-app/node_modules/@trpc/server/dist/initTRPC-Bq6NzC7R.cjs:221:17)
[2026-06-10T03:51:16.693Z] [0]     at async callRecursive (/home/ubuntu/manga-reader-app/node_modules/@trpc/server/dist/initTRPC-Bq6NzC7R.cjs:256:18)
[2026-06-10T03:51:16.693Z] [0]     at async callRecursive (/home/ubuntu/manga-reader-app/node_modules/@trpc/server/dist/initTRPC-Bq6NzC7R.cjs:256:18)
[2026-06-10T03:51:16.693Z] [0]     at async procedure (/home/ubuntu/manga-reader-app/node_modules/@trpc/server/dist/initTRPC-Bq6NzC7R.cjs:281:18)
[2026-06-10T03:51:16.693Z] [0]     at async /home/ubuntu/manga-reader-app/node_modules/@trpc/server/dist/resolveResponse-BGrZsJDx.cjs:1948:18
[2026-06-10T03:51:16.693Z] [0]     at async Promise.all (index 0) {
[2026-06-10T03:51:16.693Z] [0]   query: 'select `id`, `title`, `slug`, `description`, `author`, `artist`, `coverImageUrl`, `status`, `releaseYear`, `rating`, `ratingCount`, `viewCount`, `isPremium`, `isFeatured`, `featuredOrder`, `genres`, `createdAt`, `updatedAt` from `series` where `series`.`isFeatured` = ? order by `series`.`featuredOrder` asc limit ?',
[2026-06-10T03:51:16.693Z] [0]   params: [ true, 10 ],
[2026-06-10T03:51:16.693Z] [0]   cause: Error: Can't add new command when connection is in closed state
[2026-06-10T03:51:16.693Z] [0]       at PromiseConnection.query (/home/ubuntu/manga-reader-app/node_modules/mysql2/lib/promise/connection.js:29:22)
[2026-06-10T03:51:16.693Z] [0]       at <anonymous> (/home/ubuntu/manga-reader-app/node_modules/src/mysql2/session.ts:133:24)
[2026-06-10T03:51:16.693Z] [0]       at MySql2PreparedQuery.queryWithCache (/home/ubuntu/manga-reader-app/node_modules/src/mysql-core/session.ts:77:18)
[2026-06-10T03:51:16.693Z] [0]       at MySql2PreparedQuery.execute (/home/ubuntu/manga-reader-app/node_modules/src/mysql2/session.ts:132:29)
[2026-06-10T03:51:16.693Z] [0]       at MySqlSelectBase.execute (/home/ubuntu/manga-reader-app/node_modules/src/mysql-core/query-builders/select.ts:1145:25)
[2026-06-10T03:51:16.693Z] [0]       at MySqlSelectBase.then (/home/ubuntu/manga-reader-app/node_modules/src/query-promise.ts:31:15)
[2026-06-10T03:51:16.693Z] [0]       at process.processTicksAndRejections (node:internal/process/task_queues:105:5) {
[2026-06-10T03:51:16.693Z] [0]     code: undefined,
[2026-06-10T03:51:16.693Z] [0]     errno: undefined,
[2026-06-10T03:51:16.693Z] [0]     sql: undefined,
[2026-06-10T03:51:16.693Z] [0]     sqlState: undefined,
[2026-06-10T03:51:16.693Z] [0]     sqlMessage: undefined
[2026-06-10T03:51:16.693Z] [0]   }
[2026-06-10T03:51:16.693Z] [0] }
[2026-06-10T03:51:16.693Z] [0] Error fetching trending series: DrizzleQueryError: Failed query: select `id`, `title`, `slug`, `description`, `author`, `artist`, `coverImageUrl`, `status`, `releaseYear`, `rating`, `ratingCount`, `viewCount`, `isPremium`, `isFeatured`, `featuredOrder`, `genres`, `createdAt`, `updatedAt` from `series` order by `series`.`viewCount` desc limit ?
[2026-06-10T03:51:16.693Z] [0] params: 10
[2026-06-10T03:51:16.693Z] [0]     at MySql2PreparedQuery.queryWithCache (/home/ubuntu/manga-reader-app/node_modules/src/mysql-core/session.ts:79:11)
[2026-06-10T03:51:16.693Z] [0]     at process.processTicksAndRejections (node:internal/process/task_queues:105:5)
[2026-06-10T03:51:16.693Z] [0]     at async MySql2PreparedQuery.execute (/home/ubuntu/manga-reader-app/node_modules/src/mysql2/session.ts:132:18)
[2026-06-10T03:51:16.693Z] [0]     at async Object.getTrendingSeries (/home/ubuntu/manga-reader-app/server/db.ts:304:12)
[2026-06-10T03:51:16.693Z] [0]     at async resolveMiddleware (/home/ubuntu/manga-reader-app/node_modules/@trpc/server/dist/initTRPC-Bq6NzC7R.cjs:221:17)
[2026-06-10T03:51:16.693Z] [0]     at async callRecursive (/home/ubuntu/manga-reader-app/node_modules/@trpc/server/dist/initTRPC-Bq6NzC7R.cjs:256:18)
[2026-06-10T03:51:16.693Z] [0]     at async callRecursive (/home/ubuntu/manga-reader-app/node_modules/@trpc/server/dist/initTRPC-Bq6NzC7R.cjs:256:18)
[2026-06-10T03:51:16.693Z] [0]     at async procedure (/home/ubuntu/manga-reader-app/node_modules/@trpc/server/dist/initTRPC-Bq6NzC7R.cjs:281:18)
[2026-06-10T03:51:16.693Z] [0]     at async /home/ubuntu/manga-reader-app/node_modules/@trpc/server/dist/resolveResponse-BGrZsJDx.cjs:1948:18
[2026-06-10T03:51:16.693Z] [0]     at async Promise.all (index 1) {
[2026-06-10T03:51:16.693Z] [0]   query: 'select `id`, `title`, `slug`, `description`, `author`, `artist`, `coverImageUrl`, `status`, `releaseYear`, `rating`, `ratingCount`, `viewCount`, `isPremium`, `isFeatured`, `featuredOrder`, `genres`, `createdAt`, `updatedAt` from `series` order by `series`.`viewCount` desc limit ?',
[2026-06-10T03:51:16.693Z] [0]   params: [ 10 ],
[2026-06-10T03:51:16.693Z] [0]   cause: Error: Can't add new command when connection is in closed state
[2026-06-10T03:51:16.693Z] [0]       at PromiseConnection.query (/home/ubuntu/manga-reader-app/node_modules/mysql2/lib/promise/connection.js:29:22)
[2026-06-10T03:51:16.693Z] [0]       at <anonymous> (/home/ubuntu/manga-reader-app/node_modules/src/mysql2/session.ts:133:24)
[2026-06-10T03:51:16.693Z] [0]       at MySql2PreparedQuery.queryWithCache (/home/ubuntu/manga-reader-app/node_modules/src/mysql-core/session.ts:77:18)
[2026-06-10T03:51:16.693Z] [0]       at MySql2PreparedQuery.execute (/home/ubuntu/manga-reader-app/node_modules/src/mysql2/session.ts:132:29)
[2026-06-10T03:51:16.693Z] [0]       at MySqlSelectBase.execute (/home/ubuntu/manga-reader-app/node_modules/src/mysql-core/query-builders/select.ts:1145:25)
[2026-06-10T03:51:16.693Z] [0]       at MySqlSelectBase.then (/home/ubuntu/manga-reader-app/node_modules/src/query-promise.ts:31:15)
[2026-06-10T03:51:16.693Z] [0]       at process.processTicksAndRejections (node:internal/process/task_queues:105:5) {
[2026-06-10T03:51:16.694Z] [0]     code: undefined,
[2026-06-10T03:51:16.694Z] [0]     errno: undefined,
[2026-06-10T03:51:16.694Z] [0]     sql: undefined,
[2026-06-10T03:51:16.694Z] [0]     sqlState: undefined,
[2026-06-10T03:51:16.694Z] [0]     sqlMessage: undefined
[2026-06-10T03:51:16.694Z] [0]   }
[2026-06-10T03:51:16.694Z] [0] }
[2026-06-10T03:51:16.770Z] [1] EXPO_USE_METRO_WORKSPACE_ROOT is enabled by default, use EXPO_NO_METRO_WORKSPACE_ROOT instead to disable.
[2026-06-10T03:51:16.772Z] [1]
[2026-06-10T03:51:16.772Z] EXPO_USE_METRO_WORKSPACE_ROOT is enabled by default, use EXPO_NO_METRO_WORKSPACE_ROOT instead to disable.
[2026-06-10T03:51:16.942Z] [1] λ Bundled 46ms node_modules/expo-router/node/render.js (1 module)
[2026-06-10T03:51:17.082Z] [1] λ  WARN  Route "./(tabs)/library/_layout.tsx" is missing the required default export. Ensure a React component is exported as default.
[2026-06-10T03:51:17.082Z] [1] λ  WARN  Route "./(tabs)/profile/_layout.tsx" is missing the required default export. Ensure a React component is exported as default.
[2026-06-10T03:51:17.083Z] [1] λ  WARN  Route "./(tabs)/search/_layout.tsx" is missing the required default export. Ensure a React component is exported as default.
[2026-06-10T03:51:17.105Z] [1] λ  LOG  { colorScheme: 'light', setColorScheme: [Function (anonymous)] } {
[2026-06-10T03:51:17.105Z] [1]   '--color-primary': '#0a7ea4',
[2026-06-10T03:51:17.105Z] [1]   '--color-background': '#ffffff',
[2026-06-10T03:51:17.105Z] [1]   '--color-surface': '#f5f5f5',
[2026-06-10T03:51:17.105Z] [1]   '--color-foreground': '#11181C',
[2026-06-10T03:51:17.105Z] [1]   '--color-muted': '#687076',
[2026-06-10T03:51:17.105Z] [1]   '--color-border': '#E5E7EB',
[2026-06-10T03:51:17.106Z] [1]   '--color-success': '#22C55E',
[2026-06-10T03:51:17.106Z] [1]   '--color-warning': '#F59E0B',
[2026-06-10T03:51:17.106Z] [1]   '--color-error': '#EF4444'
[2026-06-10T03:51:17.106Z] [1] }
[2026-06-10T03:51:17.107Z] [1] λ  WARN  [Layout children]: No route named "(auth)" exists in nested children: [ '(tabs)', 'auth', 'dev/theme-lab', 'oauth/callback' ]
[2026-06-10T03:51:17.126Z] [1] λ  WARN  props.pointerEvents is deprecated. Use style.pointerEvents
[2026-06-10T03:51:17.141Z] [1] Web node_modules/expo-router/entry.js ░░░░░░░░░░░░░░░░  0.0% (0/1)
[2026-06-10T03:51:17.157Z] [1] Web Bundled 384ms node_modules/expo-router/entry.js (1 module)
[2026-06-10T03:51:17.887Z] [1] EXPO_USE_METRO_WORKSPACE_ROOT is enabled by default, use EXPO_NO_METRO_WORKSPACE_ROOT instead to disable.
[2026-06-10T03:51:17.888Z] [1] EXPO_USE_METRO_WORKSPACE_ROOT is enabled by default, use EXPO_NO_METRO_WORKSPACE_ROOT instead to disable.
[2026-06-10T03:51:18.052Z] [1] λ Bundled 38ms node_modules/expo-router/node/render.js (1 module)
[2026-06-10T03:51:18.177Z] [1] λ  WARN  Route "./(tabs)/library/_layout.tsx" is missing the required default export. Ensure a React component is exported as default.
[2026-06-10T03:51:18.178Z] [1]
[2026-06-10T03:51:18.178Z] λ  WARN  Route "./(tabs)/profile/_layout.tsx" is missing the required default export. Ensure a React component is exported as default.
[2026-06-10T03:51:18.178Z] [1]
[2026-06-10T03:51:18.178Z] λ  WARN  Route "./(tabs)/search/_layout.tsx" is missing the required default export. Ensure a React component is exported as default.
[2026-06-10T03:51:18.201Z] [1] λ  LOG  { colorScheme: 'light', setColorScheme: [Function (anonymous)] } {
[2026-06-10T03:51:18.201Z] [1]   '--color-primary': '#0a7ea4',
[2026-06-10T03:51:18.201Z] [1]   '--color-background': '#ffffff',
[2026-06-10T03:51:18.201Z] [1]   '--color-surface': '#f5f5f5',
[2026-06-10T03:51:18.201Z] [1]   '--color-foreground': '#11181C',
[2026-06-10T03:51:18.201Z] [1]   '--color-muted': '#687076',
[2026-06-10T03:51:18.201Z] [1]   '--color-border': '#E5E7EB',
[2026-06-10T03:51:18.201Z] [1]   '--color-success': '#22C55E',
[2026-06-10T03:51:18.201Z] [1]   '--color-warning': '#F59E0B',
[2026-06-10T03:51:18.201Z] [1]   '--color-error': '#EF4444'
[2026-06-10T03:51:18.201Z] [1] }
[2026-06-10T03:51:18.203Z] [1] λ  WARN  [Layout children]: No route named "(auth)" exists in nested children: [ '(tabs)', 'auth', 'dev/theme-lab', 'oauth/callback' ]
[2026-06-10T03:51:18.221Z] [1] λ  WARN  props.pointerEvents is deprecated. Use style.pointerEvents
[2026-06-10T03:51:18.234Z] [1] Web node_modules/expo-router/entry.js ░░░░░░░░░░░░░░░░  0.0% (0/1)
[2026-06-10T03:51:18.248Z] [1] Web Bundled 358ms node_modules/expo-router/entry.js (1 module)
[2026-06-10T03:51:18.507Z] [1] Web Bundled 52ms node_modules/expo-router/entry.js (1 module)
[2026-06-10T03:51:19.295Z] [0] [Auth] Missing session cookie
[2026-06-10T03:51:19.297Z] [0]
[2026-06-10T03:51:19.297Z] Error fetching featured series: DrizzleQueryError: Failed query: select `id`, `title`, `slug`, `description`, `author`, `artist`, `coverImageUrl`, `status`, `releaseYear`, `rating`, `ratingCount`, `viewCount`, `isPremium`, `isFeatured`, `featuredOrder`, `genres`, `createdAt`, `updatedAt` from `series` where `series`.`isFeatured` = ? order by `series`.`featuredOrder` asc limit ?
[2026-06-10T03:51:19.297Z] [0] params: true,10
[2026-06-10T03:51:19.297Z] [0]     at MySql2PreparedQuery.queryWithCache (/home/ubuntu/manga-reader-app/node_modules/src/mysql-core/session.ts:79:11)
[2026-06-10T03:51:19.297Z] [0]     at process.processTicksAndRejections (node:internal/process/task_queues:105:5)
[2026-06-10T03:51:19.297Z] [0]     at async MySql2PreparedQuery.execute (/home/ubuntu/manga-reader-app/node_modules/src/mysql2/session.ts:132:18)
[2026-06-10T03:51:19.297Z] [0]     at async Object.getFeaturedSeries (/home/ubuntu/manga-reader-app/server/db.ts:287:12)
[2026-06-10T03:51:19.297Z] [0]     at async resolveMiddleware (/home/ubuntu/manga-reader-app/node_modules/@trpc/server/dist/initTRPC-Bq6NzC7R.cjs:221:17)
[2026-06-10T03:51:19.297Z] [0]     at async callRecursive (/home/ubuntu/manga-reader-app/node_modules/@trpc/server/dist/initTRPC-Bq6NzC7R.cjs:256:18)
[2026-06-10T03:51:19.297Z] [0]     at async callRecursive (/home/ubuntu/manga-reader-app/node_modules/@trpc/server/dist/initTRPC-Bq6NzC7R.cjs:256:18)
[2026-06-10T03:51:19.297Z] [0]     at async procedure (/home/ubuntu/manga-reader-app/node_modules/@trpc/server/dist/initTRPC-Bq6NzC7R.cjs:281:18)
[2026-06-10T03:51:19.297Z] [0]     at async /home/ubuntu/manga-reader-app/node_modules/@trpc/server/dist/resolveResponse-BGrZsJDx.cjs:1948:18
[2026-06-10T03:51:19.297Z] [0]     at async Promise.all (index 0) {
[2026-06-10T03:51:19.297Z] [0]   query: 'select `id`, `title`, `slug`, `description`, `author`, `artist`, `coverImageUrl`, `status`, `releaseYear`, `rating`, `ratingCount`, `viewCount`, `isPremium`, `isFeatured`, `featuredOrder`, `genres`, `createdAt`, `updatedAt` from `series` where `series`.`isFeatured` = ? order by `series`.`featuredOrder` asc limit ?',
[2026-06-10T03:51:19.297Z] [0]   params: [ true, 10 ],
[2026-06-10T03:51:19.297Z] [0]   cause: Error: Can't add new command when connection is in closed state
[2026-06-10T03:51:19.297Z] [0]       at PromiseConnection.query (/home/ubuntu/manga-reader-app/node_modules/mysql2/lib/promise/connection.js:29:22)
[2026-06-10T03:51:19.297Z] [0]       at <anonymous> (/home/ubuntu/manga-reader-app/node_modules/src/mysql2/session.ts:133:24)
[2026-06-10T03:51:19.297Z] [0]       at MySql2PreparedQuery.queryWithCache (/home/ubuntu/manga-reader-app/node_modules/src/mysql-core/session.ts:77:18)
[2026-06-10T03:51:19.297Z] [0]       at MySql2PreparedQuery.execute (/home/ubuntu/manga-reader-app/node_modules/src/mysql2/session.ts:132:29)
[2026-06-10T03:51:19.297Z] [0]       at MySqlSelectBase.execute (/home/ubuntu/manga-reader-app/node_modules/src/mysql-core/query-builders/select.ts:1145:25)
[2026-06-10T03:51:19.297Z] [0]       at MySqlSelectBase.then (/home/ubuntu/manga-reader-app/node_modules/src/query-promise.ts:31:15)
[2026-06-10T03:51:19.297Z] [0]       at process.processTicksAndRejections (node:internal/process/task_queues:105:5) {
[2026-06-10T03:51:19.297Z] [0]     code: undefined,
[2026-06-10T03:51:19.297Z] [0]     errno: undefined,
[2026-06-10T03:51:19.297Z] [0]     sql: undefined,
[2026-06-10T03:51:19.297Z] [0]     sqlState: undefined,
[2026-06-10T03:51:19.297Z] [0]     sqlMessage: undefined
[2026-06-10T03:51:19.297Z] [0]   }
[2026-06-10T03:51:19.297Z] [0] }
[2026-06-10T03:51:19.298Z] [0]
[2026-06-10T03:51:19.298Z] Error fetching trending series: DrizzleQueryError: Failed query: select `id`, `title`, `slug`, `description`, `author`, `artist`, `coverImageUrl`, `status`, `releaseYear`, `rating`, `ratingCount`, `viewCount`, `isPremium`, `isFeatured`, `featuredOrder`, `genres`, `createdAt`, `updatedAt` from `series` order by `series`.`viewCount` desc limit ?
[2026-06-10T03:51:19.298Z] [0] params: 10
[2026-06-10T03:51:19.298Z] [0]     at MySql2PreparedQuery.queryWithCache (/home/ubuntu/manga-reader-app/node_modules/src/mysql-core/session.ts:79:11)
[2026-06-10T03:51:19.298Z] [0]     at process.processTicksAndRejections (node:internal/process/task_queues:105:5)
[2026-06-10T03:51:19.298Z] [0]     at async MySql2PreparedQuery.execute (/home/ubuntu/manga-reader-app/node_modules/src/mysql2/session.ts:132:18)
[2026-06-10T03:51:19.298Z] [0]     at async Object.getTrendingSeries (/home/ubuntu/manga-reader-app/server/db.ts:304:12)
[2026-06-10T03:51:19.298Z] [0]     at async resolveMiddleware (/home/ubuntu/manga-reader-app/node_modules/@trpc/server/dist/initTRPC-Bq6NzC7R.cjs:221:17)
[2026-06-10T03:51:19.298Z] [0]     at async callRecursive (/home/ubuntu/manga-reader-app/node_modules/@trpc/server/dist/initTRPC-Bq6NzC7R.cjs:256:18)
[2026-06-10T03:51:19.298Z] [0]     at async callRecursive (/home/ubuntu/manga-reader-app/node_modules/@trpc/server/dist/initTRPC-Bq6NzC7R.cjs:256:18)
[2026-06-10T03:51:19.298Z] [0]     at async procedure (/home/ubuntu/manga-reader-app/node_modules/@trpc/server/dist/initTRPC-Bq6NzC7R.cjs:281:18)
[2026-06-10T03:51:19.298Z] [0]     at async /home/ubuntu/manga-reader-app/node_modules/@trpc/server/dist/resolveResponse-BGrZsJDx.cjs:1948:18
[2026-06-10T03:51:19.298Z] [0]     at async Promise.all (index 1) {
[2026-06-10T03:51:19.298Z] [0]   query: 'select `id`, `title`, `slug`, `description`, `author`, `artist`, `coverImageUrl`, `status`, `releaseYear`, `rating`, `ratingCount`, `viewCount`, `isPremium`, `isFeatured`, `featuredOrder`, `genres`, `createdAt`, `updatedAt` from `series` order by `series`.`viewCount` desc limit ?',
[2026-06-10T03:51:19.298Z] [0]   params: [ 10 ],
[2026-06-10T03:51:19.298Z] [0]   cause: Error: Can't add new command when connection is in closed state
[2026-06-10T03:51:19.298Z] [0]       at PromiseConnection.query (/home/ubuntu/manga-reader-app/node_modules/mysql2/lib/promise/connection.js:29:22)
[2026-06-10T03:51:19.298Z] [0]       at <anonymous> (/home/ubuntu/manga-reader-app/node_modules/src/mysql2/session.ts:133:24)
[2026-06-10T03:51:19.298Z] [0]       at MySql2PreparedQuery.queryWithCache (/home/ubuntu/manga-reader-app/node_modules/src/mysql-core/session.ts:77:18)
[2026-06-10T03:51:19.298Z] [0]       at MySql2PreparedQuery.execute (/home/ubuntu/manga-reader-app/node_modules/src/mysql2/session.ts:132:29)
[2026-06-10T03:51:19.298Z] [0]       at MySqlSelectBase.execute (/home/ubuntu/manga-reader-app/node_modules/src/mysql-core/query-builders/select.ts:1145:25)
[2026-06-10T03:51:19.298Z] [0]       at MySqlSelectBase.then (/home/ubuntu/manga-reader-app/node_modules/src/query-promise.ts:31:15)
[2026-06-10T03:51:19.298Z] [0]       at process.processTicksAndRejections (node:internal/process/task_queues:105:5) {
[2026-06-10T03:51:19.298Z] [0]     code: undefined,
[2026-06-10T03:51:19.298Z] [0]     errno: undefined,
[2026-06-10T03:51:19.298Z] [0]     sql: undefined,
[2026-06-10T03:51:19.298Z] [0]     sqlState: undefined,
[2026-06-10T03:51:19.298Z] [0]     sqlMessage: undefined
[2026-06-10T03:51:19.298Z] [0]   }
[2026-06-10T03:51:19.298Z] [0] }
[2026-06-10T03:51:19.309Z] [1]  LOG  [web] Logs will appear in the browser console
[2026-06-10T03:51:20.450Z] [0] [Auth] Missing session cookie
[2026-06-10T03:51:34.802Z] [1] EXPO_USE_METRO_WORKSPACE_ROOT is enabled by default, use EXPO_NO_METRO_WORKSPACE_ROOT instead to disable.
[2026-06-10T03:51:34.803Z] [1] EXPO_USE_METRO_WORKSPACE_ROOT is enabled by default, use EXPO_NO_METRO_WORKSPACE_ROOT instead to disable.
[2026-06-10T03:51:34.804Z] [1] Web node_modules/expo-router/entry.js ░░░░░░░░░░░░░░░░  0.0% (0/1)
[2026-06-10T03:51:34.960Z] [1] λ Bundled 36ms node_modules/expo-router/node/render.js (1 module)
[2026-06-10T03:51:35.075Z] [1] λ  WARN  Route "./(tabs)/library/_layout.tsx" is missing the required default export. Ensure a React component is exported as default.
[2026-06-10T03:51:35.075Z] [1] λ  WARN  Route "./(tabs)/profile/_layout.tsx" is missing the required default export. Ensure a React component is exported as default.
[2026-06-10T03:51:35.076Z] [1] λ  WARN  Route "./(tabs)/search/_layout.tsx" is missing the required default export. Ensure a React component is exported as default.
[2026-06-10T03:51:35.096Z] [1] λ  LOG  { colorScheme: 'light', setColorScheme: [Function (anonymous)] } {
[2026-06-10T03:51:35.096Z] [1]   '--color-primary': '#0a7ea4',
[2026-06-10T03:51:35.096Z] [1]   '--color-background': '#ffffff',
[2026-06-10T03:51:35.096Z] [1]   '--color-surface': '#f5f5f5',
[2026-06-10T03:51:35.096Z] [1]   '--color-foreground': '#11181C',
[2026-06-10T03:51:35.096Z] [1]   '--color-muted': '#687076',
[2026-06-10T03:51:35.096Z] [1]   '--color-border': '#E5E7EB',
[2026-06-10T03:51:35.096Z] [1]   '--color-success': '#22C55E',
[2026-06-10T03:51:35.096Z] [1]   '--color-warning': '#F59E0B',
[2026-06-10T03:51:35.096Z] [1]   '--color-error': '#EF4444'
[2026-06-10T03:51:35.096Z] [1] }
[2026-06-10T03:51:35.098Z] [1] λ  WARN  [Layout children]: No route named "(auth)" exists in nested children: [ '(tabs)', 'auth', 'dev/theme-lab', 'oauth/callback' ]
[2026-06-10T03:51:35.113Z] [1] λ  WARN  props.pointerEvents is deprecated. Use style.pointerEvents
[2026-06-10T03:51:35.127Z] [1] Web node_modules/expo-router/entry.js ░░░░░░░░░░░░░░░░  0.0% (0/1)
[2026-06-10T03:51:35.141Z] [1] Web Bundled 336ms node_modules/expo-router/entry.js (1 module)
[2026-06-10T03:51:35.597Z] [1] Web Bundled 55ms node_modules/expo-router/entry.js (1 module)
[2026-06-10T03:51:36.390Z] [0] [Auth] Missing session cookie
[2026-06-10T03:51:36.392Z] [0] Error fetching featured series: DrizzleQueryError: Failed query: select `id`, `title`, `slug`, `description`, `author`, `artist`, `coverImageUrl`, `status`, `releaseYear`, `rating`, `ratingCount`, `viewCount`, `isPremium`, `isFeatured`, `featuredOrder`, `genres`, `createdAt`, `updatedAt` from `series` where `series`.`isFeatured` = ? order by `series`.`featuredOrder` asc limit ?
[2026-06-10T03:51:36.392Z] [0] params: true,10
[2026-06-10T03:51:36.392Z] [0]     at MySql2PreparedQuery.queryWithCache (/home/ubuntu/manga-reader-app/node_modules/src/mysql-core/session.ts:79:11)
[2026-06-10T03:51:36.392Z] [0]     at process.processTicksAndRejections (node:internal/process/task_queues:105:5)
[2026-06-10T03:51:36.392Z] [0]     at async MySql2PreparedQuery.execute (/home/ubuntu/manga-reader-app/node_modules/src/mysql2/session.ts:132:18)
[2026-06-10T03:51:36.392Z] [0]     at async Object.getFeaturedSeries (/home/ubuntu/manga-reader-app/server/db.ts:287:12)
[2026-06-10T03:51:36.392Z] [0]     at async resolveMiddleware (/home/ubuntu/manga-reader-app/node_modules/@trpc/server/dist/initTRPC-Bq6NzC7R.cjs:221:17)
[2026-06-10T03:51:36.392Z] [0]     at async callRecursive (/home/ubuntu/manga-reader-app/node_modules/@trpc/server/dist/initTRPC-Bq6NzC7R.cjs:256:18)
[2026-06-10T03:51:36.392Z] [0]     at async callRecursive (/home/ubuntu/manga-reader-app/node_modules/@trpc/server/dist/initTRPC-Bq6NzC7R.cjs:256:18)
[2026-06-10T03:51:36.392Z] [0]     at async procedure (/home/ubuntu/manga-reader-app/node_modules/@trpc/server/dist/initTRPC-Bq6NzC7R.cjs:281:18)
[2026-06-10T03:51:36.392Z] [0]     at async /home/ubuntu/manga-reader-app/node_modules/@trpc/server/dist/resolveResponse-BGrZsJDx.cjs:1948:18
[2026-06-10T03:51:36.392Z] [0]     at async Promise.all (index 0) {
[2026-06-10T03:51:36.392Z] [0]   query: 'select `id`, `title`, `slug`, `description`, `author`, `artist`, `coverImageUrl`, `status`, `releaseYear`, `rating`, `ratingCount`, `viewCount`, `isPremium`, `isFeatured`, `featuredOrder`, `genres`, `createdAt`, `updatedAt` from `series` where `series`.`isFeatured` = ? order by `series`.`featuredOrder` asc limit ?',
[2026-06-10T03:51:36.392Z] [0]   params: [ true, 10 ],
[2026-06-10T03:51:36.392Z] [0]   cause: Error: Can't add new command when connection is in closed state
[2026-06-10T03:51:36.392Z] [0]       at PromiseConnection.query (/home/ubuntu/manga-reader-app/node_modules/mysql2/lib/promise/connection.js:29:22)
[2026-06-10T03:51:36.392Z] [0]       at <anonymous> (/home/ubuntu/manga-reader-app/node_modules/src/mysql2/session.ts:133:24)
[2026-06-10T03:51:36.392Z] [0]       at MySql2PreparedQuery.queryWithCache (/home/ubuntu/manga-reader-app/node_modules/src/mysql-core/session.ts:77:18)
[2026-06-10T03:51:36.392Z] [0]       at MySql2PreparedQuery.execute (/home/ubuntu/manga-reader-app/node_modules/src/mysql2/session.ts:132:29)
[2026-06-10T03:51:36.392Z] [0]       at MySqlSelectBase.execute (/home/ubuntu/manga-reader-app/node_modules/src/mysql-core/query-builders/select.ts:1145:25)
[2026-06-10T03:51:36.392Z] [0]       at MySqlSelectBase.then (/home/ubuntu/manga-reader-app/node_modules/src/query-promise.ts:31:15)
[2026-06-10T03:51:36.392Z] [0]       at process.processTicksAndRejections (node:internal/process/task_queues:105:5) {
[2026-06-10T03:51:36.392Z] [0]     code: undefined,
[2026-06-10T03:51:36.392Z] [0]     errno: undefined,
[2026-06-10T03:51:36.392Z] [0]     sql: undefined,
[2026-06-10T03:51:36.392Z] [0]     sqlState: undefined,
[2026-06-10T03:51:36.392Z] [0]     sqlMessage: undefined
[2026-06-10T03:51:36.392Z] [0]   }
[2026-06-10T03:51:36.392Z] [0] }
[2026-06-10T03:51:36.392Z] [0] Error fetching trending series: DrizzleQueryError: Failed query: select `id`, `title`, `slug`, `description`, `author`, `artist`, `coverImageUrl`, `status`, `releaseYear`, `rating`, `ratingCount`, `viewCount`, `isPremium`, `isFeatured`, `featuredOrder`, `genres`, `createdAt`, `updatedAt` from `series` order by `series`.`viewCount` desc limit ?
[2026-06-10T03:51:36.392Z] [0] params: 10
[2026-06-10T03:51:36.392Z] [0]     at MySql2PreparedQuery.queryWithCache (/home/ubuntu/manga-reader-app/node_modules/src/mysql-core/session.ts:79:11)
[2026-06-10T03:51:36.392Z] [0]     at process.processTicksAndRejections (node:internal/process/task_queues:105:5)
[2026-06-10T03:51:36.392Z] [0]     at async MySql2PreparedQuery.execute (/home/ubuntu/manga-reader-app/node_modules/src/mysql2/session.ts:132:18)
[2026-06-10T03:51:36.392Z] [0]     at async Object.getTrendingSeries (/home/ubuntu/manga-reader-app/server/db.ts:304:12)
[2026-06-10T03:51:36.392Z] [0]     at async resolveMiddleware (/home/ubuntu/manga-reader-app/node_modules/@trpc/server/dist/initTRPC-Bq6NzC7R.cjs:221:17)
[2026-06-10T03:51:36.392Z] [0]     at async callRecursive (/home/ubuntu/manga-reader-app/node_modules/@trpc/server/dist/initTRPC-Bq6NzC7R.cjs:256:18)
[2026-06-10T03:51:36.392Z] [0]     at async callRecursive (/home/ubuntu/manga-reader-app/node_modules/@trpc/server/dist/initTRPC-Bq6NzC7R.cjs:256:18)
[2026-06-10T03:51:36.392Z] [0]     at async procedure (/home/ubuntu/manga-reader-app/node_modules/@trpc/server/dist/initTRPC-Bq6NzC7R.cjs:281:18)
[2026-06-10T03:51:36.392Z] [0]     at async /home/ubuntu/manga-reader-app/node_modules/@trpc/server/dist/resolveResponse-BGrZsJDx.cjs:1948:18
[2026-06-10T03:51:36.392Z] [0]     at async Promise.all (index 1) {
[2026-06-10T03:51:36.392Z] [0]   query: 'select `id`, `title`, `slug`, `description`, `author`, `artist`, `coverImageUrl`, `status`, `releaseYear`, `rating`, `ratingCount`, `viewCount`, `isPremium`, `isFeatured`, `featuredOrder`, `genres`, `createdAt`, `updatedAt` from `series` order by `series`.`viewCount` desc limit ?',
[2026-06-10T03:51:36.392Z] [0]   params: [ 10 ],
[2026-06-10T03:51:36.392Z] [0]   cause: Error: Can't add new command when connection is in closed state
[2026-06-10T03:51:36.392Z] [0]       at PromiseConnection.query (/home/ubuntu/manga-reader-app/node_modules/mysql2/lib/promise/connection.js:29:22)
[2026-06-10T03:51:36.392Z] [0]       at <anonymous> (/home/ubuntu/manga-reader-app/node_modules/src/mysql2/session.ts:133:24)
[2026-06-10T03:51:36.392Z] [0]       at MySql2PreparedQuery.queryWithCache (/home/ubuntu/manga-reader-app/node_modules/src/mysql-core/session.ts:77:18)
[2026-06-10T03:51:36.393Z] [0]       at MySql2PreparedQuery.execute (/home/ubuntu/manga-reader-app/node_modules/src/mysql2/session.ts:132:29)
[2026-06-10T03:51:36.393Z] [0]       at MySqlSelectBase.execute (/home/ubuntu/manga-reader-app/node_modules/src/mysql-core/query-builders/select.ts:1145:25)
[2026-06-10T03:51:36.393Z] [0]       at MySqlSelectBase.then (/home/ubuntu/manga-reader-app/node_modules/src/query-promise.ts:31:15)
[2026-06-10T03:51:36.393Z] [0]       at process.processTicksAndRejections (node:internal/process/task_queues:105:5) {
[2026-06-10T03:51:36.393Z] [0]     code: undefined,
[2026-06-10T03:51:36.393Z] [0]     errno: undefined,
[2026-06-10T03:51:36.393Z] [0]     sql: undefined,
[2026-06-10T03:51:36.393Z] [0]     sqlState: undefined,
[2026-06-10T03:51:36.393Z] [0]     sqlMessage: undefined
[2026-06-10T03:51:36.393Z] [0]   }
[2026-06-10T03:51:36.393Z] [0] }
[2026-06-10T03:51:36.489Z] [1]  LOG  [web] Logs will appear in the browser console
[2026-06-10T03:51:37.256Z] [1] EXPO_USE_METRO_WORKSPACE_ROOT is enabled by default, use EXPO_NO_METRO_WORKSPACE_ROOT instead to disable.
[2026-06-10T03:51:37.258Z] [1] EXPO_USE_METRO_WORKSPACE_ROOT is enabled by default, use EXPO_NO_METRO_WORKSPACE_ROOT instead to disable.
[2026-06-10T03:51:37.435Z] [1] λ Bundled 54ms node_modules/expo-router/node/render.js (1 module)
[2026-06-10T03:51:37.560Z] [1] λ  WARN  Route "./(tabs)/library/_layout.tsx" is missing the required default export. Ensure a React component is exported as default.
[2026-06-10T03:51:37.560Z] [1] λ  WARN  Route "./(tabs)/profile/_layout.tsx" is missing the required default export. Ensure a React component is exported as default.
[2026-06-10T03:51:37.561Z] [1] λ  WARN  Route "./(tabs)/search/_layout.tsx" is missing the required default export. Ensure a React component is exported as default.
[2026-06-10T03:51:37.582Z] [1] λ  LOG  { colorScheme: 'light', setColorScheme: [Function (anonymous)] } {
[2026-06-10T03:51:37.582Z] [1]   '--color-primary': '#0a7ea4',
[2026-06-10T03:51:37.582Z] [1]   '--color-background': '#ffffff',
[2026-06-10T03:51:37.582Z] [1]   '--color-surface': '#f5f5f5',
[2026-06-10T03:51:37.582Z] [1]   '--color-foreground': '#11181C',
[2026-06-10T03:51:37.582Z] [1]   '--color-muted': '#687076',
[2026-06-10T03:51:37.582Z] [1]   '--color-border': '#E5E7EB',
[2026-06-10T03:51:37.582Z] [1]   '--color-success': '#22C55E',
[2026-06-10T03:51:37.582Z] [1]   '--color-warning': '#F59E0B',
[2026-06-10T03:51:37.582Z] [1]   '--color-error': '#EF4444'
[2026-06-10T03:51:37.582Z] [1] }
[2026-06-10T03:51:37.584Z] [1] λ  WARN  [Layout children]: No route named "(auth)" exists in nested children: [ '(tabs)', 'auth', 'dev/theme-lab', 'oauth/callback' ]
[2026-06-10T03:51:37.602Z] [1] λ  WARN  props.pointerEvents is deprecated. Use style.pointerEvents
[2026-06-10T03:51:37.615Z] [1] Web node_modules/expo-router/entry.js ░░░░░░░░░░░░░░░░  0.0% (0/1)
[2026-06-10T03:51:37.630Z] [1] Web Bundled 370ms node_modules/expo-router/entry.js (1 module)
[2026-06-10T03:51:37.951Z] [0] [Auth] Missing session cookie
[2026-06-10T03:51:38.366Z] [1] EXPO_USE_METRO_WORKSPACE_ROOT is enabled by default, use EXPO_NO_METRO_WORKSPACE_ROOT instead to disable.
[2026-06-10T03:51:38.367Z] [1] EXPO_USE_METRO_WORKSPACE_ROOT is enabled by default, use EXPO_NO_METRO_WORKSPACE_ROOT instead to disable.
[2026-06-10T03:51:38.525Z] [1] λ Bundled 36ms node_modules/expo-router/node/render.js (1 module)
[2026-06-10T03:51:38.633Z] [1] λ  WARN  Route "./(tabs)/library/_layout.tsx" is missing the required default export. Ensure a React component is exported as default.
[2026-06-10T03:51:38.633Z] [1] λ  WARN  Route "./(tabs)/profile/_layout.tsx" is missing the required default export. Ensure a React component is exported as default.
[2026-06-10T03:51:38.633Z] [1] λ  WARN  Route "./(tabs)/search/_layout.tsx" is missing the required default export. Ensure a React component is exported as default.
[2026-06-10T03:51:38.653Z] [1] λ  LOG  { colorScheme: 'light', setColorScheme: [Function (anonymous)] } {
[2026-06-10T03:51:38.653Z] [1]   '--color-primary': '#0a7ea4',
[2026-06-10T03:51:38.653Z] [1]   '--color-background': '#ffffff',
[2026-06-10T03:51:38.653Z] [1]   '--color-surface': '#f5f5f5',
[2026-06-10T03:51:38.653Z] [1]   '--color-foreground': '#11181C',
[2026-06-10T03:51:38.653Z] [1]   '--color-muted': '#687076',
[2026-06-10T03:51:38.653Z] [1]   '--color-border': '#E5E7EB',
[2026-06-10T03:51:38.653Z] [1]   '--color-success': '#22C55E',
[2026-06-10T03:51:38.653Z] [1]   '--color-warning': '#F59E0B',
[2026-06-10T03:51:38.653Z] [1]   '--color-error': '#EF4444'
[2026-06-10T03:51:38.653Z] [1] }
[2026-06-10T03:51:38.655Z] [1] λ  WARN  [Layout children]: No route named "(auth)" exists in nested children: [ '(tabs)', 'auth', 'dev/theme-lab', 'oauth/callback' ]
[2026-06-10T03:51:38.670Z] [1] λ  WARN  props.pointerEvents is deprecated. Use style.pointerEvents
[2026-06-10T03:51:38.683Z] [1] Web node_modules/expo-router/entry.js ░░░░░░░░░░░░░░░░  0.0% (0/1)
[2026-06-10T03:51:38.697Z] [1] Web Bundled 329ms node_modules/expo-router/entry.js (1 module)
[2026-06-10T03:51:39.022Z] [1] Web Bundled 51ms node_modules/expo-router/entry.js (1 module)
[2026-06-10T03:51:39.910Z] [0] [Auth] Missing session cookie
[2026-06-10T03:51:39.911Z] [0] Error fetching featured series: DrizzleQueryError: Failed query: select `id`, `title`, `slug`, `description`, `author`, `artist`, `coverImageUrl`, `status`, `releaseYear`, `rating`, `ratingCount`, `viewCount`, `isPremium`, `isFeatured`, `featuredOrder`, `genres`, `createdAt`, `updatedAt` from `series` where `series`.`isFeatured` = ? order by `series`.`featuredOrder` asc limit ?
[2026-06-10T03:51:39.911Z] [0] params: true,10
[2026-06-10T03:51:39.911Z] [0]     at MySql2PreparedQuery.queryWithCache (/home/ubuntu/manga-reader-app/node_modules/src/mysql-core/session.ts:79:11)
[2026-06-10T03:51:39.911Z] [0]     at process.processTicksAndRejections (node:internal/process/task_queues:105:5)
[2026-06-10T03:51:39.912Z] [0]     at async MySql2PreparedQuery.execute (/home/ubuntu/manga-reader-app/node_modules/src/mysql2/session.ts:132:18)
[2026-06-10T03:51:39.912Z] [0]     at async Object.getFeaturedSeries (/home/ubuntu/manga-reader-app/server/db.ts:287:12)
[2026-06-10T03:51:39.912Z] [0]     at async resolveMiddleware (/home/ubuntu/manga-reader-app/node_modules/@trpc/server/dist/initTRPC-Bq6NzC7R.cjs:221:17)
[2026-06-10T03:51:39.912Z] [0]     at async callRecursive (/home/ubuntu/manga-reader-app/node_modules/@trpc/server/dist/initTRPC-Bq6NzC7R.cjs:256:18)
[2026-06-10T03:51:39.912Z] [0]     at async callRecursive (/home/ubuntu/manga-reader-app/node_modules/@trpc/server/dist/initTRPC-Bq6NzC7R.cjs:256:18)
[2026-06-10T03:51:39.912Z] [0]     at async procedure (/home/ubuntu/manga-reader-app/node_modules/@trpc/server/dist/initTRPC-Bq6NzC7R.cjs:281:18)
[2026-06-10T03:51:39.912Z] [0]     at async /home/ubuntu/manga-reader-app/node_modules/@trpc/server/dist/resolveResponse-BGrZsJDx.cjs:1948:18
[2026-06-10T03:51:39.912Z] [0]     at async Promise.all (index 0) {
[2026-06-10T03:51:39.912Z] [0]   query: 'select `id`, `title`, `slug`, `description`, `author`, `artist`, `coverImageUrl`, `status`, `releaseYear`, `rating`, `ratingCount`, `viewCount`, `isPremium`, `isFeatured`, `featuredOrder`, `genres`, `createdAt`, `updatedAt` from `series` where `series`.`isFeatured` = ? order by `series`.`featuredOrder` asc limit ?',
[2026-06-10T03:51:39.912Z] [0]   params: [ true, 10 ],
[2026-06-10T03:51:39.912Z] [0]   cause: Error: Can't add new command when connection is in closed state
[2026-06-10T03:51:39.912Z] [0]       at PromiseConnection.query (/home/ubuntu/manga-reader-app/node_modules/mysql2/lib/promise/connection.js:29:22)
[2026-06-10T03:51:39.912Z] [0]       at <anonymous> (/home/ubuntu/manga-reader-app/node_modules/src/mysql2/session.ts:133:24)
[2026-06-10T03:51:39.912Z] [0]       at MySql2PreparedQuery.queryWithCache (/home/ubuntu/manga-reader-app/node_modules/src/mysql-core/session.ts:77:18)
[2026-06-10T03:51:39.912Z] [0]       at MySql2PreparedQuery.execute (/home/ubuntu/manga-reader-app/node_modules/src/mysql2/session.ts:132:29)
[2026-06-10T03:51:39.912Z] [0]       at MySqlSelectBase.execute (/home/ubuntu/manga-reader-app/node_modules/src/mysql-core/query-builders/select.ts:1145:25)
[2026-06-10T03:51:39.912Z] [0]       at MySqlSelectBase.then (/home/ubuntu/manga-reader-app/node_modules/src/query-promise.ts:31:15)
[2026-06-10T03:51:39.912Z] [0]       at process.processTicksAndRejections (node:internal/process/task_queues:105:5) {
[2026-06-10T03:51:39.912Z] [0]     code: undefined,
[2026-06-10T03:51:39.912Z] [0]     errno: undefined,
[2026-06-10T03:51:39.912Z] [0]     sql: undefined,
[2026-06-10T03:51:39.912Z] [0]     sqlState: undefined,
[2026-06-10T03:51:39.912Z] [0]     sqlMessage: undefined
[2026-06-10T03:51:39.912Z] [0]   }
[2026-06-10T03:51:39.912Z] [0] }
[2026-06-10T03:51:39.912Z] [0] Error fetching trending series: DrizzleQueryError: Failed query: select `id`, `title`, `slug`, `description`, `author`, `artist`, `coverImageUrl`, `status`, `releaseYear`, `rating`, `ratingCount`, `viewCount`, `isPremium`, `isFeatured`, `featuredOrder`, `genres`, `createdAt`, `updatedAt` from `series` order by `series`.`viewCount` desc limit ?
[2026-06-10T03:51:39.912Z] [0] params: 10
[2026-06-10T03:51:39.912Z] [0]     at MySql2PreparedQuery.queryWithCache (/home/ubuntu/manga-reader-app/node_modules/src/mysql-core/session.ts:79:11)
[2026-06-10T03:51:39.912Z] [0]     at process.processTicksAndRejections (node:internal/process/task_queues:105:5)
[2026-06-10T03:51:39.912Z] [0]     at async MySql2PreparedQuery.execute (/home/ubuntu/manga-reader-app/node_modules/src/mysql2/session.ts:132:18)
[2026-06-10T03:51:39.912Z] [0]     at async Object.getTrendingSeries (/home/ubuntu/manga-reader-app/server/db.ts:304:12)
[2026-06-10T03:51:39.912Z] [0]     at async resolveMiddleware (/home/ubuntu/manga-reader-app/node_modules/@trpc/server/dist/initTRPC-Bq6NzC7R.cjs:221:17)
[2026-06-10T03:51:39.912Z] [0]     at async callRecursive (/home/ubuntu/manga-reader-app/node_modules/@trpc/server/dist/initTRPC-Bq6NzC7R.cjs:256:18)
[2026-06-10T03:51:39.912Z] [0]     at async callRecursive (/home/ubuntu/manga-reader-app/node_modules/@trpc/server/dist/initTRPC-Bq6NzC7R.cjs:256:18)
[2026-06-10T03:51:39.912Z] [0]     at async procedure (/home/ubuntu/manga-reader-app/node_modules/@trpc/server/dist/initTRPC-Bq6NzC7R.cjs:281:18)
[2026-06-10T03:51:39.912Z] [0]     at async /home/ubuntu/manga-reader-app/node_modules/@trpc/server/dist/resolveResponse-BGrZsJDx.cjs:1948:18
[2026-06-10T03:51:39.912Z] [0]     at async Promise.all (index 1) {
[2026-06-10T03:51:39.912Z] [0]   query: 'select `id`, `title`, `slug`, `description`, `author`, `artist`, `coverImageUrl`, `status`, `releaseYear`, `rating`, `ratingCount`, `viewCount`, `isPremium`, `isFeatured`, `featuredOrder`, `genres`, `createdAt`, `updatedAt` from `series` order by `series`.`viewCount` desc limit ?',
[2026-06-10T03:51:39.912Z] [0]   params: [ 10 ],
[2026-06-10T03:51:39.912Z] [0]   cause: Error: Can't add new command when connection is in closed state
[2026-06-10T03:51:39.912Z] [0]       at PromiseConnection.query (/home/ubuntu/manga-reader-app/node_modules/mysql2/lib/promise/connection.js:29:22)
[2026-06-10T03:51:39.912Z] [0]       at <anonymous> (/home/ubuntu/manga-reader-app/node_modules/src/mysql2/session.ts:133:24)
[2026-06-10T03:51:39.912Z] [0]       at MySql2PreparedQuery.queryWithCache (/home/ubuntu/manga-reader-app/node_modules/src/mysql-core/session.ts:77:18)
[2026-06-10T03:51:39.912Z] [0]       at MySql2PreparedQuery.execute (/home/ubuntu/manga-reader-app/node_modules/src/mysql2/session.ts:132:29)
[2026-06-10T03:51:39.912Z] [0]       at MySqlSelectBase.execute (/home/ubuntu/manga-reader-app/node_modules/src/mysql-core/query-builders/select.ts:1145:25)
[2026-06-10T03:51:39.912Z] [0]       at MySqlSelectBase.then (/home/ubuntu/manga-reader-app/node_modules/src/query-promise.ts:31:15)
[2026-06-10T03:51:39.912Z] [0]       at process.processTicksAndRejections (node:internal/process/task_queues:105:5) {
[2026-06-10T03:51:39.912Z] [0]     code: undefined,
[2026-06-10T03:51:39.912Z] [0]     errno: undefined,
[2026-06-10T03:51:39.912Z] [0]     sql: undefined,
[2026-06-10T03:51:39.912Z] [0]     sqlState: undefined,
[2026-06-10T03:51:39.912Z] [0]     sqlMessage: undefined
[2026-06-10T03:51:39.912Z] [0]   }
[2026-06-10T03:51:39.912Z] [0] }
[2026-06-10T03:51:40.032Z] [1]  LOG  [web] Logs will appear in the browser console
[2026-06-10T03:51:41.952Z] [0] [Auth] Missing session cookie
[2026-06-10T03:59:23.687Z] [0] [Auth] Missing session cookie
[2026-06-10T03:59:23.689Z] [0]
[2026-06-10T03:59:23.689Z] Error fetching featured series: DrizzleQueryError: Failed query: select `id`, `title`, `slug`, `description`, `author`, `artist`, `coverImageUrl`, `status`, `releaseYear`, `rating`, `ratingCount`, `viewCount`, `isPremium`, `isFeatured`, `featuredOrder`, `genres`, `createdAt`, `updatedAt` from `series` where `series`.`isFeatured` = ? order by `series`.`featuredOrder` asc limit ?
[2026-06-10T03:59:23.689Z] [0] params: true,10
[2026-06-10T03:59:23.689Z] [0]     at MySql2PreparedQuery.queryWithCache (/home/ubuntu/manga-reader-app/node_modules/src/mysql-core/session.ts:79:11)
[2026-06-10T03:59:23.689Z] [0]     at process.processTicksAndRejections (node:internal/process/task_queues:105:5)
[2026-06-10T03:59:23.689Z] [0]     at async MySql2PreparedQuery.execute (/home/ubuntu/manga-reader-app/node_modules/src/mysql2/session.ts:132:18)
[2026-06-10T03:59:23.689Z] [0]     at async Object.getFeaturedSeries (/home/ubuntu/manga-reader-app/server/db.ts:287:12)
[2026-06-10T03:59:23.689Z] [0]     at async resolveMiddleware (/home/ubuntu/manga-reader-app/node_modules/@trpc/server/dist/initTRPC-Bq6NzC7R.cjs:221:17)
[2026-06-10T03:59:23.689Z] [0]     at async callRecursive (/home/ubuntu/manga-reader-app/node_modules/@trpc/server/dist/initTRPC-Bq6NzC7R.cjs:256:18)
[2026-06-10T03:59:23.689Z] [0]     at async callRecursive (/home/ubuntu/manga-reader-app/node_modules/@trpc/server/dist/initTRPC-Bq6NzC7R.cjs:256:18)
[2026-06-10T03:59:23.689Z] [0]     at async procedure (/home/ubuntu/manga-reader-app/node_modules/@trpc/server/dist/initTRPC-Bq6NzC7R.cjs:281:18)
[2026-06-10T03:59:23.689Z] [0]     at async /home/ubuntu/manga-reader-app/node_modules/@trpc/server/dist/resolveResponse-BGrZsJDx.cjs:1948:18
[2026-06-10T03:59:23.689Z] [0]     at async Promise.all (index 0) {
[2026-06-10T03:59:23.689Z] [0]   query: 'select `id`, `title`, `slug`, `description`, `author`, `artist`, `coverImageUrl`, `status`, `releaseYear`, `rating`, `ratingCount`, `viewCount`, `isPremium`, `isFeatured`, `featuredOrder`, `genres`, `createdAt`, `updatedAt` from `series` where `series`.`isFeatured` = ? order by `series`.`featuredOrder` asc limit ?',
[2026-06-10T03:59:23.689Z] [0]   params: [ true, 10 ],
[2026-06-10T03:59:23.689Z] [0]   cause: Error: Can't add new command when connection is in closed state
[2026-06-10T03:59:23.689Z] [0]       at PromiseConnection.query (/home/ubuntu/manga-reader-app/node_modules/mysql2/lib/promise/connection.js:29:22)
[2026-06-10T03:59:23.689Z] [0]       at <anonymous> (/home/ubuntu/manga-reader-app/node_modules/src/mysql2/session.ts:133:24)
[2026-06-10T03:59:23.689Z] [0]       at MySql2PreparedQuery.queryWithCache (/home/ubuntu/manga-reader-app/node_modules/src/mysql-core/session.ts:77:18)
[2026-06-10T03:59:23.689Z] [0]       at MySql2PreparedQuery.execute (/home/ubuntu/manga-reader-app/node_modules/src/mysql2/session.ts:132:29)
[2026-06-10T03:59:23.689Z] [0]       at MySqlSelectBase.execute (/home/ubuntu/manga-reader-app/node_modules/src/mysql-core/query-builders/select.ts:1145:25)
[2026-06-10T03:59:23.689Z] [0]       at MySqlSelectBase.then (/home/ubuntu/manga-reader-app/node_modules/src/query-promise.ts:31:15)
[2026-06-10T03:59:23.689Z] [0]       at process.processTicksAndRejections (node:internal/process/task_queues:105:5) {
[2026-06-10T03:59:23.689Z] [0]     code: undefined,
[2026-06-10T03:59:23.689Z] [0]     errno: undefined,
[2026-06-10T03:59:23.689Z] [0]     sql: undefined,
[2026-06-10T03:59:23.690Z] [0]     sqlState: undefined,
[2026-06-10T03:59:23.690Z] [0]     sqlMessage: undefined
[2026-06-10T03:59:23.690Z] [0]   }
[2026-06-10T03:59:23.690Z] [0] }
[2026-06-10T03:59:23.690Z] [0] Error fetching trending series: DrizzleQueryError: Failed query: select `id`, `title`, `slug`, `description`, `author`, `artist`, `coverImageUrl`, `status`, `releaseYear`, `rating`, `ratingCount`, `viewCount`, `isPremium`, `isFeatured`, `featuredOrder`, `genres`, `createdAt`, `updatedAt` from `series` order by `series`.`viewCount` desc limit ?
[2026-06-10T03:59:23.690Z] [0] params: 10
[2026-06-10T03:59:23.690Z] [0]     at MySql2PreparedQuery.queryWithCache (/home/ubuntu/manga-reader-app/node_modules/src/mysql-core/session.ts:79:11)
[2026-06-10T03:59:23.690Z] [0]     at process.processTicksAndRejections (node:internal/process/task_queues:105:5)
[2026-06-10T03:59:23.690Z] [0]     at async MySql2PreparedQuery.execute (/home/ubuntu/manga-reader-app/node_modules/src/mysql2/session.ts:132:18)
[2026-06-10T03:59:23.690Z] [0]     at async Object.getTrendingSeries (/home/ubuntu/manga-reader-app/server/db.ts:304:12)
[2026-06-10T03:59:23.690Z] [0]     at async resolveMiddleware (/home/ubuntu/manga-reader-app/node_modules/@trpc/server/dist/initTRPC-Bq6NzC7R.cjs:221:17)
[2026-06-10T03:59:23.690Z] [0]     at async callRecursive (/home/ubuntu/manga-reader-app/node_modules/@trpc/server/dist/initTRPC-Bq6NzC7R.cjs:256:18)
[2026-06-10T03:59:23.690Z] [0]     at async callRecursive (/home/ubuntu/manga-reader-app/node_modules/@trpc/server/dist/initTRPC-Bq6NzC7R.cjs:256:18)
[2026-06-10T03:59:23.690Z] [0]     at async procedure (/home/ubuntu/manga-reader-app/node_modules/@trpc/server/dist/initTRPC-Bq6NzC7R.cjs:281:18)
[2026-06-10T03:59:23.690Z] [0]     at async /home/ubuntu/manga-reader-app/node_modules/@trpc/server/dist/resolveResponse-BGrZsJDx.cjs:1948:18
[2026-06-10T03:59:23.690Z] [0]     at async Promise.all (index 1) {
[2026-06-10T03:59:23.690Z] [0]   query: 'select `id`, `title`, `slug`, `description`, `author`, `artist`, `coverImageUrl`, `status`, `releaseYear`, `rating`, `ratingCount`, `viewCount`, `isPremium`, `isFeatured`, `featuredOrder`, `genres`, `createdAt`, `updatedAt` from `series` order by `series`.`viewCount` desc limit ?',
[2026-06-10T03:59:23.690Z] [0]   params: [ 10 ],
[2026-06-10T03:59:23.690Z] [0]   cause: Error: Can't add new command when connection is in closed state
[2026-06-10T03:59:23.690Z] [0]       at PromiseConnection.query (/home/ubuntu/manga-reader-app/node_modules/mysql2/lib/promise/connection.js:29:22)
[2026-06-10T03:59:23.690Z] [0]       at <anonymous> (/home/ubuntu/manga-reader-app/node_modules/src/mysql2/session.ts:133:24)
[2026-06-10T03:59:23.690Z] [0]       at MySql2PreparedQuery.queryWithCache (/home/ubuntu/manga-reader-app/node_modules/src/mysql-core/session.ts:77:18)
[2026-06-10T03:59:23.690Z] [0]       at MySql2PreparedQuery.execute (/home/ubuntu/manga-reader-app/node_modules/src/mysql2/session.ts:132:29)
[2026-06-10T03:59:23.690Z] [0]       at MySqlSelectBase.execute (/home/ubuntu/manga-reader-app/node_modules/src/mysql-core/query-builders/select.ts:1145:25)
[2026-06-10T03:59:23.690Z] [0]       at MySqlSelectBase.then (/home/ubuntu/manga-reader-app/node_modules/src/query-promise.ts:31:15)
[2026-06-10T03:59:23.690Z] [0]       at process.processTicksAndRejections (node:internal/process/task_queues:105:5) {
[2026-06-10T03:59:23.690Z] [0]     code: undefined,
[2026-06-10T03:59:23.690Z] [0]     errno: undefined,
[2026-06-10T03:59:23.690Z] [0]     sql: undefined,
[2026-06-10T03:59:23.690Z] [0]     sqlState: undefined,
[2026-06-10T03:59:23.690Z] [0]     sqlMessage: undefined
[2026-06-10T03:59:23.690Z] [0]   }
[2026-06-10T03:59:23.690Z] [0] }
[2026-06-10T03:59:24.945Z] [0] [Auth] Missing session cookie
[2026-06-10T03:59:59.526Z] [1] EXPO_USE_METRO_WORKSPACE_ROOT is enabled by default, use EXPO_NO_METRO_WORKSPACE_ROOT instead to disable.
[2026-06-10T03:59:59.529Z] [1] EXPO_USE_METRO_WORKSPACE_ROOT is enabled by default, use EXPO_NO_METRO_WORKSPACE_ROOT instead to disable.
[2026-06-10T03:59:59.534Z] [1] Web node_modules/expo-router/entry.js ░░░░░░░░░░░░░░░░  0.0% (0/1)
[2026-06-10T03:59:59.748Z] [1] λ Bundled 76ms node_modules/expo-router/node/render.js (1 module)
[2026-06-10T03:59:59.935Z] [1] λ  WARN  Route "./(tabs)/library/_layout.tsx" is missing the required default export. Ensure a React component is exported as default.
[2026-06-10T03:59:59.936Z] [1] λ  WARN  Route "./(tabs)/profile/_layout.tsx" is missing the required default export. Ensure a React component is exported as default.
[2026-06-10T03:59:59.936Z] [1] λ  WARN  Route "./(tabs)/search/_layout.tsx" is missing the required default export. Ensure a React component is exported as default.
[2026-06-10T03:59:59.967Z] [1] λ  LOG  { colorScheme: 'light', setColorScheme: [Function (anonymous)] } {
[2026-06-10T03:59:59.968Z] [1]   '--color-primary': '#0a7ea4',
[2026-06-10T03:59:59.968Z] [1]   '--color-background': '#ffffff',
[2026-06-10T03:59:59.968Z] [1]   '--color-surface': '#f5f5f5',
[2026-06-10T03:59:59.968Z] [1]   '--color-foreground': '#11181C',
[2026-06-10T03:59:59.968Z] [1]   '--color-muted': '#687076',
[2026-06-10T03:59:59.968Z] [1]   '--color-border': '#E5E7EB',
[2026-06-10T03:59:59.968Z] [1]   '--color-success': '#22C55E',
[2026-06-10T03:59:59.968Z] [1]   '--color-warning': '#F59E0B',
[2026-06-10T03:59:59.968Z] [1]   '--color-error': '#EF4444'
[2026-06-10T03:59:59.968Z] [1] }
[2026-06-10T03:59:59.970Z] [1]
[2026-06-10T03:59:59.970Z] λ  WARN  [Layout children]: No route named "(auth)" exists in nested children: [ '(tabs)', 'auth', 'dev/theme-lab', 'oauth/callback' ]
[2026-06-10T03:59:59.993Z] [1] λ  WARN  props.pointerEvents is deprecated. Use style.pointerEvents
[2026-06-10T04:00:00.010Z] [1] Web node_modules/expo-router/entry.js ░░░░░░░░░░░░░░░░  0.0% (0/1)
[2026-06-10T04:00:00.031Z] [1] Web Bundled 498ms node_modules/expo-router/entry.js (1 module)
[2026-06-10T04:00:00.185Z] [1] Web Bundled 88ms node_modules/expo-router/entry.js (1 module)
[2026-06-10T04:00:00.790Z] [1]  LOG  [web] Logs will appear in the browser console
[2026-06-10T04:00:01.162Z] [0] [Auth] Missing session cookie
[2026-06-10T04:00:01.165Z] [0]
[2026-06-10T04:00:01.165Z] Error fetching featured series: DrizzleQueryError: Failed query: select `id`, `title`, `slug`, `description`, `author`, `artist`, `coverImageUrl`, `status`, `releaseYear`, `rating`, `ratingCount`, `viewCount`, `isPremium`, `isFeatured`, `featuredOrder`, `genres`, `createdAt`, `updatedAt` from `series` where `series`.`isFeatured` = ? order by `series`.`featuredOrder` asc limit ?
[2026-06-10T04:00:01.165Z] [0] params: true,10
[2026-06-10T04:00:01.165Z] [0]     at MySql2PreparedQuery.queryWithCache (/home/ubuntu/manga-reader-app/node_modules/src/mysql-core/session.ts:79:11)
[2026-06-10T04:00:01.165Z] [0]     at process.processTicksAndRejections (node:internal/process/task_queues:105:5)
[2026-06-10T04:00:01.165Z] [0]     at async MySql2PreparedQuery.execute (/home/ubuntu/manga-reader-app/node_modules/src/mysql2/session.ts:132:18)
[2026-06-10T04:00:01.165Z] [0]     at async Object.getFeaturedSeries (/home/ubuntu/manga-reader-app/server/db.ts:287:12)
[2026-06-10T04:00:01.165Z] [0]     at async resolveMiddleware (/home/ubuntu/manga-reader-app/node_modules/@trpc/server/dist/initTRPC-Bq6NzC7R.cjs:221:17)
[2026-06-10T04:00:01.165Z] [0]     at async callRecursive (/home/ubuntu/manga-reader-app/node_modules/@trpc/server/dist/initTRPC-Bq6NzC7R.cjs:256:18)
[2026-06-10T04:00:01.165Z] [0]     at async callRecursive (/home/ubuntu/manga-reader-app/node_modules/@trpc/server/dist/initTRPC-Bq6NzC7R.cjs:256:18)
[2026-06-10T04:00:01.165Z] [0]     at async procedure (/home/ubuntu/manga-reader-app/node_modules/@trpc/server/dist/initTRPC-Bq6NzC7R.cjs:281:18)
[2026-06-10T04:00:01.165Z] [0]     at async /home/ubuntu/manga-reader-app/node_modules/@trpc/server/dist/resolveResponse-BGrZsJDx.cjs:1948:18
[2026-06-10T04:00:01.165Z] [0]     at async Promise.all (index 0) {
[2026-06-10T04:00:01.165Z] [0]   query: 'select `id`, `title`, `slug`, `description`, `author`, `artist`, `coverImageUrl`, `status`, `releaseYear`, `rating`, `ratingCount`, `viewCount`, `isPremium`, `isFeatured`, `featuredOrder`, `genres`, `createdAt`, `updatedAt` from `series` where `series`.`isFeatured` = ? order by `series`.`featuredOrder` asc limit ?',
[2026-06-10T04:00:01.165Z] [0]   params: [ true, 10 ],
[2026-06-10T04:00:01.165Z] [0]   cause: Error: Can't add new command when connection is in closed state
[2026-06-10T04:00:01.165Z] [0]       at PromiseConnection.query (/home/ubuntu/manga-reader-app/node_modules/mysql2/lib/promise/connection.js:29:22)
[2026-06-10T04:00:01.165Z] [0]       at <anonymous> (/home/ubuntu/manga-reader-app/node_modules/src/mysql2/session.ts:133:24)
[2026-06-10T04:00:01.165Z] [0]       at MySql2PreparedQuery.queryWithCache (/home/ubuntu/manga-reader-app/node_modules/src/mysql-core/session.ts:77:18)
[2026-06-10T04:00:01.165Z] [0]       at MySql2PreparedQuery.execute (/home/ubuntu/manga-reader-app/node_modules/src/mysql2/session.ts:132:29)
[2026-06-10T04:00:01.165Z] [0]       at MySqlSelectBase.execute (/home/ubuntu/manga-reader-app/node_modules/src/mysql-core/query-builders/select.ts:1145:25)
[2026-06-10T04:00:01.165Z] [0]       at MySqlSelectBase.then (/home/ubuntu/manga-reader-app/node_modules/src/query-promise.ts:31:15)
[2026-06-10T04:00:01.165Z] [0]       at process.processTicksAndRejections (node:internal/process/task_queues:105:5) {
[2026-06-10T04:00:01.165Z] [0]     code: undefined,
[2026-06-10T04:00:01.165Z] [0]     errno: undefined,
[2026-06-10T04:00:01.166Z] [0]     sql: undefined,
[2026-06-10T04:00:01.166Z] [0]     sqlState: undefined,
[2026-06-10T04:00:01.166Z] [0]     sqlMessage: undefined
[2026-06-10T04:00:01.166Z] [0]   }
[2026-06-10T04:00:01.166Z] [0] }
[2026-06-10T04:00:01.166Z] [0] Error fetching trending series: DrizzleQueryError: Failed query: select `id`, `title`, `slug`, `description`, `author`, `artist`, `coverImageUrl`, `status`, `releaseYear`, `rating`, `ratingCount`, `viewCount`, `isPremium`, `isFeatured`, `featuredOrder`, `genres`, `createdAt`, `updatedAt` from `series` order by `series`.`viewCount` desc limit ?
[2026-06-10T04:00:01.166Z] [0] params: 10
[2026-06-10T04:00:01.166Z] [0]     at MySql2PreparedQuery.queryWithCache (/home/ubuntu/manga-reader-app/node_modules/src/mysql-core/session.ts:79:11)
[2026-06-10T04:00:01.166Z] [0]     at process.processTicksAndRejections (node:internal/process/task_queues:105:5)
[2026-06-10T04:00:01.166Z] [0]     at async MySql2PreparedQuery.execute (/home/ubuntu/manga-reader-app/node_modules/src/mysql2/session.ts:132:18)
[2026-06-10T04:00:01.166Z] [0]     at async Object.getTrendingSeries (/home/ubuntu/manga-reader-app/server/db.ts:304:12)
[2026-06-10T04:00:01.166Z] [0]     at async resolveMiddleware (/home/ubuntu/manga-reader-app/node_modules/@trpc/server/dist/initTRPC-Bq6NzC7R.cjs:221:17)
[2026-06-10T04:00:01.166Z] [0]     at async callRecursive (/home/ubuntu/manga-reader-app/node_modules/@trpc/server/dist/initTRPC-Bq6NzC7R.cjs:256:18)
[2026-06-10T04:00:01.166Z] [0]     at async callRecursive (/home/ubuntu/manga-reader-app/node_modules/@trpc/server/dist/initTRPC-Bq6NzC7R.cjs:256:18)
[2026-06-10T04:00:01.166Z] [0]     at async procedure (/home/ubuntu/manga-reader-app/node_modules/@trpc/server/dist/initTRPC-Bq6NzC7R.cjs:281:18)
[2026-06-10T04:00:01.166Z] [0]     at async /home/ubuntu/manga-reader-app/node_modules/@trpc/server/dist/resolveResponse-BGrZsJDx.cjs:1948:18
[2026-06-10T04:00:01.166Z] [0]     at async Promise.all (index 1) {
[2026-06-10T04:00:01.166Z] [0]   query: 'select `id`, `title`, `slug`, `description`, `author`, `artist`, `coverImageUrl`, `status`, `releaseYear`, `rating`, `ratingCount`, `viewCount`, `isPremium`, `isFeatured`, `featuredOrder`, `genres`, `createdAt`, `updatedAt` from `series` order by `series`.`viewCount` desc limit ?',
[2026-06-10T04:00:01.166Z] [0]   params: [ 10 ],
[2026-06-10T04:00:01.166Z] [0]   cause: Error: Can't add new command when connection is in closed state
[2026-06-10T04:00:01.166Z] [0]       at PromiseConnection.query (/home/ubuntu/manga-reader-app/node_modules/mysql2/lib/promise/connection.js:29:22)
[2026-06-10T04:00:01.166Z] [0]       at <anonymous> (/home/ubuntu/manga-reader-app/node_modules/src/mysql2/session.ts:133:24)
[2026-06-10T04:00:01.166Z] [0]       at MySql2PreparedQuery.queryWithCache (/home/ubuntu/manga-reader-app/node_modules/src/mysql-core/session.ts:77:18)
[2026-06-10T04:00:01.166Z] [0]       at MySql2PreparedQuery.execute (/home/ubuntu/manga-reader-app/node_modules/src/mysql2/session.ts:132:29)
[2026-06-10T04:00:01.166Z] [0]       at MySqlSelectBase.execute (/home/ubuntu/manga-reader-app/node_modules/src/mysql-core/query-builders/select.ts:1145:25)
[2026-06-10T04:00:01.166Z] [0]       at MySqlSelectBase.then (/home/ubuntu/manga-reader-app/node_modules/src/query-promise.ts:31:15)
[2026-06-10T04:00:01.166Z] [0]       at process.processTicksAndRejections (node:internal/process/task_queues:105:5) {
[2026-06-10T04:00:01.166Z] [0]     code: undefined,
[2026-06-10T04:00:01.166Z] [0]     errno: undefined,
[2026-06-10T04:00:01.166Z] [0]     sql: undefined,
[2026-06-10T04:00:01.166Z] [0]     sqlState: undefined,
[2026-06-10T04:00:01.166Z] [0]     sqlMessage: undefined
[2026-06-10T04:00:01.166Z] [0]   }
[2026-06-10T04:00:01.166Z] [0] }
[2026-06-10T04:00:02.181Z] [0] [Auth] Missing session cookie
[2026-06-10T04:00:40.149Z] [1] EXPO_USE_METRO_WORKSPACE_ROOT is enabled by default, use EXPO_NO_METRO_WORKSPACE_ROOT instead to disable.
[2026-06-10T04:00:40.151Z] [1] EXPO_USE_METRO_WORKSPACE_ROOT is enabled by default, use EXPO_NO_METRO_WORKSPACE_ROOT instead to disable.
[2026-06-10T04:00:40.152Z] [1] Web node_modules/expo-router/entry.js ░░░░░░░░░░░░░░░░  0.0% (0/1)
[2026-06-10T04:00:40.335Z] [1] λ Bundled 55ms node_modules/expo-router/node/render.js (1 module)
[2026-06-10T04:00:40.474Z] [1] λ  WARN  Route "./(tabs)/library/_layout.tsx" is missing the required default export. Ensure a React component is exported as default.
[2026-06-10T04:00:40.475Z] [1] λ  WARN  Route "./(tabs)/profile/_layout.tsx" is missing the required default export. Ensure a React component is exported as default.
[2026-06-10T04:00:40.475Z] [1] λ  WARN  Route "./(tabs)/search/_layout.tsx" is missing the required default export. Ensure a React component is exported as default.
[2026-06-10T04:00:40.498Z] [1] λ  LOG  { colorScheme: 'light', setColorScheme: [Function (anonymous)] } {
[2026-06-10T04:00:40.499Z] [1]   '--color-primary': '#0a7ea4',
[2026-06-10T04:00:40.499Z] [1]   '--color-background': '#ffffff',
[2026-06-10T04:00:40.499Z] [1]   '--color-surface': '#f5f5f5',
[2026-06-10T04:00:40.499Z] [1]   '--color-foreground': '#11181C',
[2026-06-10T04:00:40.499Z] [1]   '--color-muted': '#687076',
[2026-06-10T04:00:40.499Z] [1]   '--color-border': '#E5E7EB',
[2026-06-10T04:00:40.499Z] [1]   '--color-success': '#22C55E',
[2026-06-10T04:00:40.499Z] [1]   '--color-warning': '#F59E0B',
[2026-06-10T04:00:40.499Z] [1]   '--color-error': '#EF4444'
[2026-06-10T04:00:40.499Z] [1] }
[2026-06-10T04:00:40.500Z] [1] λ  WARN  [Layout children]: No route named "(auth)" exists in nested children: [ '(tabs)', 'auth', 'dev/theme-lab', 'oauth/callback' ]
[2026-06-10T04:00:40.520Z] [1] λ  WARN  props.pointerEvents is deprecated. Use style.pointerEvents
[2026-06-10T04:00:40.535Z] [1] Web node_modules/expo-router/entry.js ░░░░░░░░░░░░░░░░  0.0% (0/1)
[2026-06-10T04:00:40.556Z] [1] Web Bundled 404ms node_modules/expo-router/entry.js (1 module)
[2026-06-10T04:00:40.866Z] [1] Web Bundled 54ms node_modules/expo-router/entry.js (1 module)
[2026-06-10T04:00:42.204Z] [1]  LOG  [web] Logs will appear in the browser console
[2026-06-10T04:00:42.425Z] [0] [Auth] Missing session cookie
[2026-06-10T04:00:42.427Z] [0] Error fetching featured series: DrizzleQueryError: Failed query: select `id`, `title`, `slug`, `description`, `author`, `artist`, `coverImageUrl`, `status`, `releaseYear`, `rating`, `ratingCount`, `viewCount`, `isPremium`, `isFeatured`, `featuredOrder`, `genres`, `createdAt`, `updatedAt` from `series` where `series`.`isFeatured` = ? order by `series`.`featuredOrder` asc limit ?
[2026-06-10T04:00:42.427Z] [0] params: true,10
[2026-06-10T04:00:42.427Z] [0]     at MySql2PreparedQuery.queryWithCache (/home/ubuntu/manga-reader-app/node_modules/src/mysql-core/session.ts:79:11)
[2026-06-10T04:00:42.427Z] [0]     at process.processTicksAndRejections (node:internal/process/task_queues:105:5)
[2026-06-10T04:00:42.427Z] [0]     at async MySql2PreparedQuery.execute (/home/ubuntu/manga-reader-app/node_modules/src/mysql2/session.ts:132:18)
[2026-06-10T04:00:42.427Z] [0]     at async Object.getFeaturedSeries (/home/ubuntu/manga-reader-app/server/db.ts:287:12)
[2026-06-10T04:00:42.427Z] [0]     at async resolveMiddleware (/home/ubuntu/manga-reader-app/node_modules/@trpc/server/dist/initTRPC-Bq6NzC7R.cjs:221:17)
[2026-06-10T04:00:42.427Z] [0]     at async callRecursive (/home/ubuntu/manga-reader-app/node_modules/@trpc/server/dist/initTRPC-Bq6NzC7R.cjs:256:18)
[2026-06-10T04:00:42.427Z] [0]     at async callRecursive (/home/ubuntu/manga-reader-app/node_modules/@trpc/server/dist/initTRPC-Bq6NzC7R.cjs:256:18)
[2026-06-10T04:00:42.427Z] [0]     at async procedure (/home/ubuntu/manga-reader-app/node_modules/@trpc/server/dist/initTRPC-Bq6NzC7R.cjs:281:18)
[2026-06-10T04:00:42.427Z] [0]     at async /home/ubuntu/manga-reader-app/node_modules/@trpc/server/dist/resolveResponse-BGrZsJDx.cjs:1948:18
[2026-06-10T04:00:42.427Z] [0]     at async Promise.all (index 0) {
[2026-06-10T04:00:42.427Z] [0]   query: 'select `id`, `title`, `slug`, `description`, `author`, `artist`, `coverImageUrl`, `status`, `releaseYear`, `rating`, `ratingCount`, `viewCount`, `isPremium`, `isFeatured`, `featuredOrder`, `genres`, `createdAt`, `updatedAt` from `series` where `series`.`isFeatured` = ? order by `series`.`featuredOrder` asc limit ?',
[2026-06-10T04:00:42.427Z] [0]   params: [ true, 10 ],
[2026-06-10T04:00:42.427Z] [0]   cause: Error: Can't add new command when connection is in closed state
[2026-06-10T04:00:42.427Z] [0]       at PromiseConnection.query (/home/ubuntu/manga-reader-app/node_modules/mysql2/lib/promise/connection.js:29:22)
[2026-06-10T04:00:42.427Z] [0]       at <anonymous> (/home/ubuntu/manga-reader-app/node_modules/src/mysql2/session.ts:133:24)
[2026-06-10T04:00:42.428Z] [0]       at MySql2PreparedQuery.queryWithCache (/home/ubuntu/manga-reader-app/node_modules/src/mysql-core/session.ts:77:18)
[2026-06-10T04:00:42.428Z] [0]       at MySql2PreparedQuery.execute (/home/ubuntu/manga-reader-app/node_modules/src/mysql2/session.ts:132:29)
[2026-06-10T04:00:42.428Z] [0]       at MySqlSelectBase.execute (/home/ubuntu/manga-reader-app/node_modules/src/mysql-core/query-builders/select.ts:1145:25)
[2026-06-10T04:00:42.428Z] [0]       at MySqlSelectBase.then (/home/ubuntu/manga-reader-app/node_modules/src/query-promise.ts:31:15)
[2026-06-10T04:00:42.428Z] [0]       at process.processTicksAndRejections (node:internal/process/task_queues:105:5) {
[2026-06-10T04:00:42.428Z] [0]     code: undefined,
[2026-06-10T04:00:42.428Z] [0]     errno: undefined,
[2026-06-10T04:00:42.428Z] [0]     sql: undefined,
[2026-06-10T04:00:42.428Z] [0]     sqlState: undefined,
[2026-06-10T04:00:42.428Z] [0]     sqlMessage: undefined
[2026-06-10T04:00:42.428Z] [0]   }
[2026-06-10T04:00:42.428Z] [0] }
[2026-06-10T04:00:42.428Z] [0]
[2026-06-10T04:00:42.428Z] Error fetching trending series: DrizzleQueryError: Failed query: select `id`, `title`, `slug`, `description`, `author`, `artist`, `coverImageUrl`, `status`, `releaseYear`, `rating`, `ratingCount`, `viewCount`, `isPremium`, `isFeatured`, `featuredOrder`, `genres`, `createdAt`, `updatedAt` from `series` order by `series`.`viewCount` desc limit ?
[2026-06-10T04:00:42.428Z] [0] params: 10
[2026-06-10T04:00:42.428Z] [0]     at MySql2PreparedQuery.queryWithCache (/home/ubuntu/manga-reader-app/node_modules/src/mysql-core/session.ts:79:11)
[2026-06-10T04:00:42.428Z] [0]     at process.processTicksAndRejections (node:internal/process/task_queues:105:5)
[2026-06-10T04:00:42.428Z] [0]     at async MySql2PreparedQuery.execute (/home/ubuntu/manga-reader-app/node_modules/src/mysql2/session.ts:132:18)
[2026-06-10T04:00:42.428Z] [0]     at async Object.getTrendingSeries (/home/ubuntu/manga-reader-app/server/db.ts:304:12)
[2026-06-10T04:00:42.428Z] [0]     at async resolveMiddleware (/home/ubuntu/manga-reader-app/node_modules/@trpc/server/dist/initTRPC-Bq6NzC7R.cjs:221:17)
[2026-06-10T04:00:42.428Z] [0]     at async callRecursive (/home/ubuntu/manga-reader-app/node_modules/@trpc/server/dist/initTRPC-Bq6NzC7R.cjs:256:18)
[2026-06-10T04:00:42.428Z] [0]     at async callRecursive (/home/ubuntu/manga-reader-app/node_modules/@trpc/server/dist/initTRPC-Bq6NzC7R.cjs:256:18)
[2026-06-10T04:00:42.428Z] [0]     at async procedure (/home/ubuntu/manga-reader-app/node_modules/@trpc/server/dist/initTRPC-Bq6NzC7R.cjs:281:18)
[2026-06-10T04:00:42.428Z] [0]     at async /home/ubuntu/manga-reader-app/node_modules/@trpc/server/dist/resolveResponse-BGrZsJDx.cjs:1948:18
[2026-06-10T04:00:42.428Z] [0]     at async Promise.all (index 1) {
[2026-06-10T04:00:42.428Z] [0]   query: 'select `id`, `title`, `slug`, `description`, `author`, `artist`, `coverImageUrl`, `status`, `releaseYear`, `rating`, `ratingCount`, `viewCount`, `isPremium`, `isFeatured`, `featuredOrder`, `genres`, `createdAt`, `updatedAt` from `series` order by `series`.`viewCount` desc limit ?',
[2026-06-10T04:00:42.428Z] [0]   params: [ 10 ],
[2026-06-10T04:00:42.428Z] [0]   cause: Error: Can't add new command when connection is in closed state
[2026-06-10T04:00:42.428Z] [0]       at PromiseConnection.query (/home/ubuntu/manga-reader-app/node_modules/mysql2/lib/promise/connection.js:29:22)
[2026-06-10T04:00:42.428Z] [0]       at <anonymous> (/home/ubuntu/manga-reader-app/node_modules/src/mysql2/session.ts:133:24)
[2026-06-10T04:00:42.428Z] [0]       at MySql2PreparedQuery.queryWithCache (/home/ubuntu/manga-reader-app/node_modules/src/mysql-core/session.ts:77:18)
[2026-06-10T04:00:42.428Z] [0]       at MySql2PreparedQuery.execute (/home/ubuntu/manga-reader-app/node_modules/src/mysql2/session.ts:132:29)
[2026-06-10T04:00:42.428Z] [0]       at MySqlSelectBase.execute (/home/ubuntu/manga-reader-app/node_modules/src/mysql-core/query-builders/select.ts:1145:25)
[2026-06-10T04:00:42.428Z] [0]       at MySqlSelectBase.then (/home/ubuntu/manga-reader-app/node_modules/src/query-promise.ts:31:15)
[2026-06-10T04:00:42.428Z] [0]       at process.processTicksAndRejections (node:internal/process/task_queues:105:5) {
[2026-06-10T04:00:42.428Z] [0]     code: undefined,
[2026-06-10T04:00:42.428Z] [0]     errno: undefined,
[2026-06-10T04:00:42.428Z] [0]     sql: undefined,
[2026-06-10T04:00:42.428Z] [0]     sqlState: undefined,
[2026-06-10T04:00:42.429Z] [0]     sqlMessage: undefined
[2026-06-10T04:00:42.429Z] [0]   }
[2026-06-10T04:00:42.429Z] [0] }
[2026-06-10T04:00:42.877Z] [1] EXPO_USE_METRO_WORKSPACE_ROOT is enabled by default, use EXPO_NO_METRO_WORKSPACE_ROOT instead to disable.
[2026-06-10T04:00:42.879Z] [1] EXPO_USE_METRO_WORKSPACE_ROOT is enabled by default, use EXPO_NO_METRO_WORKSPACE_ROOT instead to disable.
[2026-06-10T04:00:43.060Z] [1] λ Bundled 48ms node_modules/expo-router/node/render.js (1 module)
[2026-06-10T04:00:43.198Z] [1] λ  WARN  Route "./(tabs)/library/_layout.tsx" is missing the required default export. Ensure a React component is exported as default.
[2026-06-10T04:00:43.198Z] [1] λ  WARN  Route "./(tabs)/profile/_layout.tsx" is missing the required default export. Ensure a React component is exported as default.
[2026-06-10T04:00:43.199Z] [1] λ  WARN  Route "./(tabs)/search/_layout.tsx" is missing the required default export. Ensure a React component is exported as default.
[2026-06-10T04:00:43.221Z] [1] λ  LOG  { colorScheme: 'light', setColorScheme: [Function (anonymous)] } {
[2026-06-10T04:00:43.221Z] [1]   '--color-primary': '#0a7ea4',
[2026-06-10T04:00:43.221Z] [1]   '--color-background': '#ffffff',
[2026-06-10T04:00:43.221Z] [1]   '--color-surface': '#f5f5f5',
[2026-06-10T04:00:43.221Z] [1]   '--color-foreground': '#11181C',
[2026-06-10T04:00:43.221Z] [1]   '--color-muted': '#687076',
[2026-06-10T04:00:43.221Z] [1]   '--color-border': '#E5E7EB',
[2026-06-10T04:00:43.221Z] [1]   '--color-success': '#22C55E',
[2026-06-10T04:00:43.221Z] [1]   '--color-warning': '#F59E0B',
[2026-06-10T04:00:43.221Z] [1]   '--color-error': '#EF4444'
[2026-06-10T04:00:43.221Z] [1] }
[2026-06-10T04:00:43.223Z] [1] λ  WARN  [Layout children]: No route named "(auth)" exists in nested children: [ '(tabs)', 'auth', 'dev/theme-lab', 'oauth/callback' ]
[2026-06-10T04:00:43.242Z] [1] λ  WARN  props.pointerEvents is deprecated. Use style.pointerEvents
[2026-06-10T04:00:43.256Z] [1] Web node_modules/expo-router/entry.js ░░░░░░░░░░░░░░░░  0.0% (0/1)
[2026-06-10T04:00:43.272Z] [1]
[2026-06-10T04:00:43.272Z] Web Bundled 392ms node_modules/expo-router/entry.js (1 module)
[2026-06-10T04:00:43.645Z] [0] [Auth] Missing session cookie
[2026-06-10T04:00:44.063Z] [1] EXPO_USE_METRO_WORKSPACE_ROOT is enabled by default, use EXPO_NO_METRO_WORKSPACE_ROOT instead to disable.
[2026-06-10T04:00:44.064Z] [1] EXPO_USE_METRO_WORKSPACE_ROOT is enabled by default, use EXPO_NO_METRO_WORKSPACE_ROOT instead to disable.
[2026-06-10T04:00:44.232Z] [1] λ Bundled 41ms node_modules/expo-router/node/render.js (1 module)
[2026-06-10T04:00:44.369Z] [1] λ  WARN  Route "./(tabs)/library/_layout.tsx" is missing the required default export. Ensure a React component is exported as default.
[2026-06-10T04:00:44.370Z] [1] λ  WARN  Route "./(tabs)/profile/_layout.tsx" is missing the required default export. Ensure a React component is exported as default.
[2026-06-10T04:00:44.370Z] [1] λ  WARN  Route "./(tabs)/search/_layout.tsx" is missing the required default export. Ensure a React component is exported as default.
[2026-06-10T04:00:44.391Z] [1] λ  LOG  { colorScheme: 'light', setColorScheme: [Function (anonymous)] } {
[2026-06-10T04:00:44.391Z] [1]   '--color-primary': '#0a7ea4',
[2026-06-10T04:00:44.391Z] [1]   '--color-background': '#ffffff',
[2026-06-10T04:00:44.391Z] [1]   '--color-surface': '#f5f5f5',
[2026-06-10T04:00:44.391Z] [1]   '--color-foreground': '#11181C',
[2026-06-10T04:00:44.391Z] [1]   '--color-muted': '#687076',
[2026-06-10T04:00:44.391Z] [1]   '--color-border': '#E5E7EB',
[2026-06-10T04:00:44.391Z] [1]   '--color-success': '#22C55E',
[2026-06-10T04:00:44.391Z] [1]   '--color-warning': '#F59E0B',
[2026-06-10T04:00:44.391Z] [1]   '--color-error': '#EF4444'
[2026-06-10T04:00:44.391Z] [1] }
[2026-06-10T04:00:44.393Z] [1]
[2026-06-10T04:00:44.393Z] λ  WARN  [Layout children]: No route named "(auth)" exists in nested children: [ '(tabs)', 'auth', 'dev/theme-lab', 'oauth/callback' ]
[2026-06-10T04:00:44.411Z] [1] λ  WARN  props.pointerEvents is deprecated. Use style.pointerEvents
[2026-06-10T04:00:44.427Z] [1] Web node_modules/expo-router/entry.js ░░░░░░░░░░░░░░░░  0.0% (0/1)
[2026-06-10T04:00:44.443Z] [1] Web Bundled 377ms node_modules/expo-router/entry.js (1 module)
[2026-06-10T04:00:44.720Z] [1] Web Bundled 52ms node_modules/expo-router/entry.js (1 module)
[2026-06-10T04:00:53.384Z] [1] EXPO_USE_METRO_WORKSPACE_ROOT is enabled by default, use EXPO_NO_METRO_WORKSPACE_ROOT instead to disable.
[2026-06-10T04:00:53.386Z] [1] EXPO_USE_METRO_WORKSPACE_ROOT is enabled by default, use EXPO_NO_METRO_WORKSPACE_ROOT instead to disable.
[2026-06-10T04:00:53.387Z] [1] Web node_modules/expo-router/entry.js ░░░░░░░░░░░░░░░░  0.0% (0/1)
[2026-06-10T04:00:53.548Z] [1] λ Bundled 40ms node_modules/expo-router/node/render.js (1 module)
[2026-06-10T04:00:53.680Z] [1] λ  WARN  Route "./(tabs)/library/_layout.tsx" is missing the required default export. Ensure a React component is exported as default.
[2026-06-10T04:00:53.680Z] [1] λ  WARN  Route "./(tabs)/profile/_layout.tsx" is missing the required default export. Ensure a React component is exported as default.
[2026-06-10T04:00:53.681Z] [1] λ  WARN  Route "./(tabs)/search/_layout.tsx" is missing the required default export. Ensure a React component is exported as default.
[2026-06-10T04:00:53.703Z] [1] λ  LOG  { colorScheme: 'light', setColorScheme: [Function (anonymous)] } {
[2026-06-10T04:00:53.703Z] [1]   '--color-primary': '#0a7ea4',
[2026-06-10T04:00:53.703Z] [1]   '--color-background': '#ffffff',
[2026-06-10T04:00:53.703Z] [1]   '--color-surface': '#f5f5f5',
[2026-06-10T04:00:53.703Z] [1]   '--color-foreground': '#11181C',
[2026-06-10T04:00:53.703Z] [1]   '--color-muted': '#687076',
[2026-06-10T04:00:53.703Z] [1]   '--color-border': '#E5E7EB',
[2026-06-10T04:00:53.703Z] [1]   '--color-success': '#22C55E',
[2026-06-10T04:00:53.704Z] [1]   '--color-warning': '#F59E0B',
[2026-06-10T04:00:53.704Z] [1]   '--color-error': '#EF4444'
[2026-06-10T04:00:53.704Z] [1] }
[2026-06-10T04:00:53.705Z] [1] λ  WARN  [Layout children]: No route named "(auth)" exists in nested children: [ '(tabs)', 'auth', 'dev/theme-lab', 'oauth/callback' ]
[2026-06-10T04:00:53.722Z] [1] λ  WARN  props.pointerEvents is deprecated. Use style.pointerEvents
[2026-06-10T04:00:53.735Z] [1] Web node_modules/expo-router/entry.js ░░░░░░░░░░░░░░░░  0.0% (0/1)
[2026-06-10T04:00:53.751Z] [1] Web Bundled 364ms node_modules/expo-router/entry.js (1 module)
[2026-06-10T04:00:54.034Z] [1]
[2026-06-10T04:00:54.035Z] Web Bundled 58ms node_modules/expo-router/entry.js (1 module)
[2026-06-10T04:00:55.046Z] [0] [Auth] Missing session cookie
[2026-06-10T04:00:55.047Z] [0]
[2026-06-10T04:00:55.047Z] Error fetching featured series: DrizzleQueryError: Failed query: select `id`, `title`, `slug`, `description`, `author`, `artist`, `coverImageUrl`, `status`, `releaseYear`, `rating`, `ratingCount`, `viewCount`, `isPremium`, `isFeatured`, `featuredOrder`, `genres`, `createdAt`, `updatedAt` from `series` where `series`.`isFeatured` = ? order by `series`.`featuredOrder` asc limit ?
[2026-06-10T04:00:55.047Z] [0] params: true,10
[2026-06-10T04:00:55.047Z] [0]     at MySql2PreparedQuery.queryWithCache (/home/ubuntu/manga-reader-app/node_modules/src/mysql-core/session.ts:79:11)
[2026-06-10T04:00:55.047Z] [0]     at process.processTicksAndRejections (node:internal/process/task_queues:105:5)
[2026-06-10T04:00:55.047Z] [0]     at async MySql2PreparedQuery.execute (/home/ubuntu/manga-reader-app/node_modules/src/mysql2/session.ts:132:18)
[2026-06-10T04:00:55.047Z] [0]     at async Object.getFeaturedSeries (/home/ubuntu/manga-reader-app/server/db.ts:287:12)
[2026-06-10T04:00:55.047Z] [0]     at async resolveMiddleware (/home/ubuntu/manga-reader-app/node_modules/@trpc/server/dist/initTRPC-Bq6NzC7R.cjs:221:17)
[2026-06-10T04:00:55.047Z] [0]     at async callRecursive (/home/ubuntu/manga-reader-app/node_modules/@trpc/server/dist/initTRPC-Bq6NzC7R.cjs:256:18)
[2026-06-10T04:00:55.047Z] [0]     at async callRecursive (/home/ubuntu/manga-reader-app/node_modules/@trpc/server/dist/initTRPC-Bq6NzC7R.cjs:256:18)
[2026-06-10T04:00:55.047Z] [0]     at async procedure (/home/ubuntu/manga-reader-app/node_modules/@trpc/server/dist/initTRPC-Bq6NzC7R.cjs:281:18)
[2026-06-10T04:00:55.047Z] [0]     at async /home/ubuntu/manga-reader-app/node_modules/@trpc/server/dist/resolveResponse-BGrZsJDx.cjs:1948:18
[2026-06-10T04:00:55.047Z] [0]     at async Promise.all (index 0) {
[2026-06-10T04:00:55.047Z] [0]   query: 'select `id`, `title`, `slug`, `description`, `author`, `artist`, `coverImageUrl`, `status`, `releaseYear`, `rating`, `ratingCount`, `viewCount`, `isPremium`, `isFeatured`, `featuredOrder`, `genres`, `createdAt`, `updatedAt` from `series` where `series`.`isFeatured` = ? order by `series`.`featuredOrder` asc limit ?',
[2026-06-10T04:00:55.047Z] [0]   params: [ true, 10 ],
[2026-06-10T04:00:55.047Z] [0]   cause: Error: Can't add new command when connection is in closed state
[2026-06-10T04:00:55.047Z] [0]       at PromiseConnection.query (/home/ubuntu/manga-reader-app/node_modules/mysql2/lib/promise/connection.js:29:22)
[2026-06-10T04:00:55.047Z] [0]       at <anonymous> (/home/ubuntu/manga-reader-app/node_modules/src/mysql2/session.ts:133:24)
[2026-06-10T04:00:55.047Z] [0]       at MySql2PreparedQuery.queryWithCache (/home/ubuntu/manga-reader-app/node_modules/src/mysql-core/session.ts:77:18)
[2026-06-10T04:00:55.047Z] [0]       at MySql2PreparedQuery.execute (/home/ubuntu/manga-reader-app/node_modules/src/mysql2/session.ts:132:29)
[2026-06-10T04:00:55.048Z] [0]       at MySqlSelectBase.execute (/home/ubuntu/manga-reader-app/node_modules/src/mysql-core/query-builders/select.ts:1145:25)
[2026-06-10T04:00:55.048Z] [0]       at MySqlSelectBase.then (/home/ubuntu/manga-reader-app/node_modules/src/query-promise.ts:31:15)
[2026-06-10T04:00:55.048Z] [0]       at process.processTicksAndRejections (node:internal/process/task_queues:105:5) {
[2026-06-10T04:00:55.048Z] [0]     code: undefined,
[2026-06-10T04:00:55.048Z] [0]     errno: undefined,
[2026-06-10T04:00:55.048Z] [0]     sql: undefined,
[2026-06-10T04:00:55.048Z] [0]     sqlState: undefined,
[2026-06-10T04:00:55.048Z] [0]     sqlMessage: undefined
[2026-06-10T04:00:55.048Z] [0]   }
[2026-06-10T04:00:55.048Z] [0] }
[2026-06-10T04:00:55.048Z] [0] Error fetching trending series: DrizzleQueryError: Failed query: select `id`, `title`, `slug`, `description`, `author`, `artist`, `coverImageUrl`, `status`, `releaseYear`, `rating`, `ratingCount`, `viewCount`, `isPremium`, `isFeatured`, `featuredOrder`, `genres`, `createdAt`, `updatedAt` from `series` order by `series`.`viewCount` desc limit ?
[2026-06-10T04:00:55.048Z] [0] params: 10
[2026-06-10T04:00:55.048Z] [0]     at MySql2PreparedQuery.queryWithCache (/home/ubuntu/manga-reader-app/node_modules/src/mysql-core/session.ts:79:11)
[2026-06-10T04:00:55.048Z] [0]     at process.processTicksAndRejections (node:internal/process/task_queues:105:5)
[2026-06-10T04:00:55.048Z] [0]     at async MySql2PreparedQuery.execute (/home/ubuntu/manga-reader-app/node_modules/src/mysql2/session.ts:132:18)
[2026-06-10T04:00:55.048Z] [0]     at async Object.getTrendingSeries (/home/ubuntu/manga-reader-app/server/db.ts:304:12)
[2026-06-10T04:00:55.048Z] [0]     at async resolveMiddleware (/home/ubuntu/manga-reader-app/node_modules/@trpc/server/dist/initTRPC-Bq6NzC7R.cjs:221:17)
[2026-06-10T04:00:55.048Z] [0]     at async callRecursive (/home/ubuntu/manga-reader-app/node_modules/@trpc/server/dist/initTRPC-Bq6NzC7R.cjs:256:18)
[2026-06-10T04:00:55.048Z] [0]     at async callRecursive (/home/ubuntu/manga-reader-app/node_modules/@trpc/server/dist/initTRPC-Bq6NzC7R.cjs:256:18)
[2026-06-10T04:00:55.048Z] [0]     at async procedure (/home/ubuntu/manga-reader-app/node_modules/@trpc/server/dist/initTRPC-Bq6NzC7R.cjs:281:18)
[2026-06-10T04:00:55.048Z] [0]     at async /home/ubuntu/manga-reader-app/node_modules/@trpc/server/dist/resolveResponse-BGrZsJDx.cjs:1948:18
[2026-06-10T04:00:55.048Z] [0]     at async Promise.all (index 1) {
[2026-06-10T04:00:55.048Z] [0]   query: 'select `id`, `title`, `slug`, `description`, `author`, `artist`, `coverImageUrl`, `status`, `releaseYear`, `rating`, `ratingCount`, `viewCount`, `isPremium`, `isFeatured`, `featuredOrder`, `genres`, `createdAt`, `updatedAt` from `series` order by `series`.`viewCount` desc limit ?',
[2026-06-10T04:00:55.048Z] [0]   params: [ 10 ],
[2026-06-10T04:00:55.048Z] [0]   cause: Error: Can't add new command when connection is in closed state
[2026-06-10T04:00:55.048Z] [0]       at PromiseConnection.query (/home/ubuntu/manga-reader-app/node_modules/mysql2/lib/promise/connection.js:29:22)
[2026-06-10T04:00:55.048Z] [0]       at <anonymous> (/home/ubuntu/manga-reader-app/node_modules/src/mysql2/session.ts:133:24)
[2026-06-10T04:00:55.048Z] [0]       at MySql2PreparedQuery.queryWithCache (/home/ubuntu/manga-reader-app/node_modules/src/mysql-core/session.ts:77:18)
[2026-06-10T04:00:55.048Z] [0]       at MySql2PreparedQuery.execute (/home/ubuntu/manga-reader-app/node_modules/src/mysql2/session.ts:132:29)
[2026-06-10T04:00:55.048Z] [0]       at MySqlSelectBase.execute (/home/ubuntu/manga-reader-app/node_modules/src/mysql-core/query-builders/select.ts:1145:25)
[2026-06-10T04:00:55.048Z] [0]       at MySqlSelectBase.then (/home/ubuntu/manga-reader-app/node_modules/src/query-promise.ts:31:15)
[2026-06-10T04:00:55.048Z] [0]       at process.processTicksAndRejections (node:internal/process/task_queues:105:5) {
[2026-06-10T04:00:55.048Z] [0]     code: undefined,
[2026-06-10T04:00:55.048Z] [0]     errno: undefined,
[2026-06-10T04:00:55.048Z] [0]     sql: undefined,
[2026-06-10T04:00:55.048Z] [0]     sqlState: undefined,
[2026-06-10T04:00:55.048Z] [0]     sqlMessage: undefined
[2026-06-10T04:00:55.048Z] [0]   }
[2026-06-10T04:00:55.048Z] [0] }
[2026-06-10T04:00:55.123Z] [1]  LOG  [web] Logs will appear in the browser console
[2026-06-10T04:00:55.851Z] [1] EXPO_USE_METRO_WORKSPACE_ROOT is enabled by default, use EXPO_NO_METRO_WORKSPACE_ROOT instead to disable.
[2026-06-10T04:00:55.852Z] [1] EXPO_USE_METRO_WORKSPACE_ROOT is enabled by default, use EXPO_NO_METRO_WORKSPACE_ROOT instead to disable.
[2026-06-10T04:00:56.029Z] [1] λ Bundled 48ms node_modules/expo-router/node/render.js (1 module)
[2026-06-10T04:00:56.190Z] [1] λ  WARN  Route "./(tabs)/library/_layout.tsx" is missing the required default export. Ensure a React component is exported as default.
[2026-06-10T04:00:56.191Z] [1] λ  WARN  Route "./(tabs)/profile/_layout.tsx" is missing the required default export. Ensure a React component is exported as default.
[2026-06-10T04:00:56.191Z] [1] λ  WARN  Route "./(tabs)/search/_layout.tsx" is missing the required default export. Ensure a React component is exported as default.
[2026-06-10T04:00:56.214Z] [1] λ  LOG  { colorScheme: 'light', setColorScheme: [Function (anonymous)] } {
[2026-06-10T04:00:56.214Z] [1]   '--color-primary': '#0a7ea4',
[2026-06-10T04:00:56.214Z] [1]   '--color-background': '#ffffff',
[2026-06-10T04:00:56.214Z] [1]   '--color-surface': '#f5f5f5',
[2026-06-10T04:00:56.214Z] [1]   '--color-foreground': '#11181C',
[2026-06-10T04:00:56.214Z] [1]   '--color-muted': '#687076',
[2026-06-10T04:00:56.214Z] [1]   '--color-border': '#E5E7EB',
[2026-06-10T04:00:56.214Z] [1]   '--color-success': '#22C55E',
[2026-06-10T04:00:56.214Z] [1]   '--color-warning': '#F59E0B',
[2026-06-10T04:00:56.214Z] [1]   '--color-error': '#EF4444'
[2026-06-10T04:00:56.214Z] [1] }
[2026-06-10T04:00:56.217Z] [1]
[2026-06-10T04:00:56.217Z] λ  WARN  [Layout children]: No route named "(auth)" exists in nested children: [ '(tabs)', 'auth', 'dev/theme-lab', 'oauth/callback' ]
[2026-06-10T04:00:56.238Z] [1] λ  WARN  props.pointerEvents is deprecated. Use style.pointerEvents
[2026-06-10T04:00:56.252Z] [1] Web node_modules/expo-router/entry.js ░░░░░░░░░░░░░░░░  0.0% (0/1)
[2026-06-10T04:00:56.267Z] [1] Web Bundled 412ms node_modules/expo-router/entry.js (1 module)
[2026-06-10T04:00:56.966Z] [0] [Auth] Missing session cookie
[2026-06-10T04:00:57.201Z] [1] EXPO_USE_METRO_WORKSPACE_ROOT is enabled by default, use EXPO_NO_METRO_WORKSPACE_ROOT instead to disable.
[2026-06-10T04:00:57.203Z] [1]
[2026-06-10T04:00:57.203Z] EXPO_USE_METRO_WORKSPACE_ROOT is enabled by default, use EXPO_NO_METRO_WORKSPACE_ROOT instead to disable.
[2026-06-10T04:00:57.372Z] [1] λ Bundled 42ms node_modules/expo-router/node/render.js (1 module)
[2026-06-10T04:00:57.516Z] [1] λ  WARN  Route "./(tabs)/library/_layout.tsx" is missing the required default export. Ensure a React component is exported as default.
[2026-06-10T04:00:57.517Z] [1] λ  WARN  Route "./(tabs)/profile/_layout.tsx" is missing the required default export. Ensure a React component is exported as default.
[2026-06-10T04:00:57.517Z] [1]
[2026-06-10T04:00:57.517Z] λ  WARN  Route "./(tabs)/search/_layout.tsx" is missing the required default export. Ensure a React component is exported as default.
[2026-06-10T04:00:57.540Z] [1] λ  LOG  { colorScheme: 'light', setColorScheme: [Function (anonymous)] } {
[2026-06-10T04:00:57.541Z] [1]   '--color-primary': '#0a7ea4',
[2026-06-10T04:00:57.541Z] [1]   '--color-background': '#ffffff',
[2026-06-10T04:00:57.541Z] [1]   '--color-surface': '#f5f5f5',
[2026-06-10T04:00:57.541Z] [1]   '--color-foreground': '#11181C',
[2026-06-10T04:00:57.541Z] [1]   '--color-muted': '#687076',
[2026-06-10T04:00:57.541Z] [1]   '--color-border': '#E5E7EB',
[2026-06-10T04:00:57.541Z] [1]   '--color-success': '#22C55E',
[2026-06-10T04:00:57.541Z] [1]   '--color-warning': '#F59E0B',
[2026-06-10T04:00:57.541Z] [1]   '--color-error': '#EF4444'
[2026-06-10T04:00:57.541Z] [1] }
[2026-06-10T04:00:57.543Z] [1] λ  WARN  [Layout children]: No route named "(auth)" exists in nested children: [ '(tabs)', 'auth', 'dev/theme-lab', 'oauth/callback' ]
[2026-06-10T04:00:57.563Z] [1] λ  WARN  props.pointerEvents is deprecated. Use style.pointerEvents
[2026-06-10T04:00:57.577Z] [1] Web node_modules/expo-router/entry.js ░░░░░░░░░░░░░░░░  0.0% (0/1)
[2026-06-10T04:00:57.593Z] [1] Web Bundled 389ms node_modules/expo-router/entry.js (1 module)
[2026-06-10T04:00:57.940Z] [1] Web Bundled 94ms node_modules/expo-router/entry.js (1 module)
[2026-06-10T04:00:58.898Z] [1]  LOG  [web] Logs will appear in the browser console
[2026-06-10T04:00:59.174Z] [0] [Auth] Missing session cookie
[2026-06-10T04:00:59.176Z] [0]
[2026-06-10T04:00:59.176Z] Error fetching featured series: DrizzleQueryError: Failed query: select `id`, `title`, `slug`, `description`, `author`, `artist`, `coverImageUrl`, `status`, `releaseYear`, `rating`, `ratingCount`, `viewCount`, `isPremium`, `isFeatured`, `featuredOrder`, `genres`, `createdAt`, `updatedAt` from `series` where `series`.`isFeatured` = ? order by `series`.`featuredOrder` asc limit ?
[2026-06-10T04:00:59.176Z] [0] params: true,10
[2026-06-10T04:00:59.176Z] [0]     at MySql2PreparedQuery.queryWithCache (/home/ubuntu/manga-reader-app/node_modules/src/mysql-core/session.ts:79:11)
[2026-06-10T04:00:59.176Z] [0]     at process.processTicksAndRejections (node:internal/process/task_queues:105:5)
[2026-06-10T04:00:59.176Z] [0]     at async MySql2PreparedQuery.execute (/home/ubuntu/manga-reader-app/node_modules/src/mysql2/session.ts:132:18)
[2026-06-10T04:00:59.176Z] [0]     at async Object.getFeaturedSeries (/home/ubuntu/manga-reader-app/server/db.ts:287:12)
[2026-06-10T04:00:59.176Z] [0]     at async resolveMiddleware (/home/ubuntu/manga-reader-app/node_modules/@trpc/server/dist/initTRPC-Bq6NzC7R.cjs:221:17)
[2026-06-10T04:00:59.176Z] [0]     at async callRecursive (/home/ubuntu/manga-reader-app/node_modules/@trpc/server/dist/initTRPC-Bq6NzC7R.cjs:256:18)
[2026-06-10T04:00:59.176Z] [0]     at async callRecursive (/home/ubuntu/manga-reader-app/node_modules/@trpc/server/dist/initTRPC-Bq6NzC7R.cjs:256:18)
[2026-06-10T04:00:59.176Z] [0]     at async procedure (/home/ubuntu/manga-reader-app/node_modules/@trpc/server/dist/initTRPC-Bq6NzC7R.cjs:281:18)
[2026-06-10T04:00:59.176Z] [0]     at async /home/ubuntu/manga-reader-app/node_modules/@trpc/server/dist/resolveResponse-BGrZsJDx.cjs:1948:18
[2026-06-10T04:00:59.176Z] [0]     at async Promise.all (index 0) {
[2026-06-10T04:00:59.176Z] [0]   query: 'select `id`, `title`, `slug`, `description`, `author`, `artist`, `coverImageUrl`, `status`, `releaseYear`, `rating`, `ratingCount`, `viewCount`, `isPremium`, `isFeatured`, `featuredOrder`, `genres`, `createdAt`, `updatedAt` from `series` where `series`.`isFeatured` = ? order by `series`.`featuredOrder` asc limit ?',
[2026-06-10T04:00:59.176Z] [0]   params: [ true, 10 ],
[2026-06-10T04:00:59.176Z] [0]   cause: Error: Can't add new command when connection is in closed state
[2026-06-10T04:00:59.176Z] [0]       at PromiseConnection.query (/home/ubuntu/manga-reader-app/node_modules/mysql2/lib/promise/connection.js:29:22)
[2026-06-10T04:00:59.176Z] [0]       at <anonymous> (/home/ubuntu/manga-reader-app/node_modules/src/mysql2/session.ts:133:24)
[2026-06-10T04:00:59.176Z] [0]       at MySql2PreparedQuery.queryWithCache (/home/ubuntu/manga-reader-app/node_modules/src/mysql-core/session.ts:77:18)
[2026-06-10T04:00:59.176Z] [0]       at MySql2PreparedQuery.execute (/home/ubuntu/manga-reader-app/node_modules/src/mysql2/session.ts:132:29)
[2026-06-10T04:00:59.176Z] [0]       at MySqlSelectBase.execute (/home/ubuntu/manga-reader-app/node_modules/src/mysql-core/query-builders/select.ts:1145:25)
[2026-06-10T04:00:59.176Z] [0]       at MySqlSelectBase.then (/home/ubuntu/manga-reader-app/node_modules/src/query-promise.ts:31:15)
[2026-06-10T04:00:59.176Z] [0]       at process.processTicksAndRejections (node:internal/process/task_queues:105:5) {
[2026-06-10T04:00:59.176Z] [0]     code: undefined,
[2026-06-10T04:00:59.176Z] [0]     errno: undefined,
[2026-06-10T04:00:59.176Z] [0]     sql: undefined,
[2026-06-10T04:00:59.176Z] [0]     sqlState: undefined,
[2026-06-10T04:00:59.176Z] [0]     sqlMessage: undefined
[2026-06-10T04:00:59.176Z] [0]   }
[2026-06-10T04:00:59.176Z] [0] }
[2026-06-10T04:00:59.176Z] [0] Error fetching trending series: DrizzleQueryError: Failed query: select `id`, `title`, `slug`, `description`, `author`, `artist`, `coverImageUrl`, `status`, `releaseYear`, `rating`, `ratingCount`, `viewCount`, `isPremium`, `isFeatured`, `featuredOrder`, `genres`, `createdAt`, `updatedAt` from `series` order by `series`.`viewCount` desc limit ?
[2026-06-10T04:00:59.176Z] [0] params: 10
[2026-06-10T04:00:59.176Z] [0]     at MySql2PreparedQuery.queryWithCache (/home/ubuntu/manga-reader-app/node_modules/src/mysql-core/session.ts:79:11)
[2026-06-10T04:00:59.176Z] [0]     at process.processTicksAndRejections (node:internal/process/task_queues:105:5)
[2026-06-10T04:00:59.176Z] [0]     at async MySql2PreparedQuery.execute (/home/ubuntu/manga-reader-app/node_modules/src/mysql2/session.ts:132:18)
[2026-06-10T04:00:59.176Z] [0]     at async Object.getTrendingSeries (/home/ubuntu/manga-reader-app/server/db.ts:304:12)
[2026-06-10T04:00:59.176Z] [0]     at async resolveMiddleware (/home/ubuntu/manga-reader-app/node_modules/@trpc/server/dist/initTRPC-Bq6NzC7R.cjs:221:17)
[2026-06-10T04:00:59.176Z] [0]     at async callRecursive (/home/ubuntu/manga-reader-app/node_modules/@trpc/server/dist/initTRPC-Bq6NzC7R.cjs:256:18)
[2026-06-10T04:00:59.176Z] [0]     at async callRecursive (/home/ubuntu/manga-reader-app/node_modules/@trpc/server/dist/initTRPC-Bq6NzC7R.cjs:256:18)
[2026-06-10T04:00:59.176Z] [0]     at async procedure (/home/ubuntu/manga-reader-app/node_modules/@trpc/server/dist/initTRPC-Bq6NzC7R.cjs:281:18)
[2026-06-10T04:00:59.176Z] [0]     at async /home/ubuntu/manga-reader-app/node_modules/@trpc/server/dist/resolveResponse-BGrZsJDx.cjs:1948:18
[2026-06-10T04:00:59.176Z] [0]     at async Promise.all (index 1) {
[2026-06-10T04:00:59.176Z] [0]   query: 'select `id`, `title`, `slug`, `description`, `author`, `artist`, `coverImageUrl`, `status`, `releaseYear`, `rating`, `ratingCount`, `viewCount`, `isPremium`, `isFeatured`, `featuredOrder`, `genres`, `createdAt`, `updatedAt` from `series` order by `series`.`viewCount` desc limit ?',
[2026-06-10T04:00:59.176Z] [0]   params: [ 10 ],
[2026-06-10T04:00:59.176Z] [0]   cause: Error: Can't add new command when connection is in closed state
[2026-06-10T04:00:59.176Z] [0]       at PromiseConnection.query (/home/ubuntu/manga-reader-app/node_modules/mysql2/lib/promise/connection.js:29:22)
[2026-06-10T04:00:59.177Z] [0]       at <anonymous> (/home/ubuntu/manga-reader-app/node_modules/src/mysql2/session.ts:133:24)
[2026-06-10T04:00:59.177Z] [0]       at MySql2PreparedQuery.queryWithCache (/home/ubuntu/manga-reader-app/node_modules/src/mysql-core/session.ts:77:18)
[2026-06-10T04:00:59.177Z] [0]       at MySql2PreparedQuery.execute (/home/ubuntu/manga-reader-app/node_modules/src/mysql2/session.ts:132:29)
[2026-06-10T04:00:59.177Z] [0]       at MySqlSelectBase.execute (/home/ubuntu/manga-reader-app/node_modules/src/mysql-core/query-builders/select.ts:1145:25)
[2026-06-10T04:00:59.177Z] [0]       at MySqlSelectBase.then (/home/ubuntu/manga-reader-app/node_modules/src/query-promise.ts:31:15)
[2026-06-10T04:00:59.177Z] [0]       at process.processTicksAndRejections (node:internal/process/task_queues:105:5) {
[2026-06-10T04:00:59.177Z] [0]     code: undefined,
[2026-06-10T04:00:59.177Z] [0]     errno: undefined,
[2026-06-10T04:00:59.177Z] [0]     sql: undefined,
[2026-06-10T04:00:59.177Z] [0]     sqlState: undefined,
[2026-06-10T04:00:59.177Z] [0]     sqlMessage: undefined
[2026-06-10T04:00:59.177Z] [0]   }
[2026-06-10T04:00:59.177Z] [0] }
[2026-06-10T04:01:18.876Z] [0] [Auth] Missing session cookie
[2026-06-10T04:04:35.922Z] [1] EXPO_USE_METRO_WORKSPACE_ROOT is enabled by default, use EXPO_NO_METRO_WORKSPACE_ROOT instead to disable.
[2026-06-10T04:04:35.923Z] [1] EXPO_USE_METRO_WORKSPACE_ROOT is enabled by default, use EXPO_NO_METRO_WORKSPACE_ROOT instead to disable.
[2026-06-10T04:04:35.925Z] [1] Web node_modules/expo-router/entry.js ░░░░░░░░░░░░░░░░  0.0% (0/1)
[2026-06-10T04:04:36.106Z] [1] λ Bundled 54ms node_modules/expo-router/node/render.js (1 module)
[2026-06-10T04:04:36.246Z] [1] λ  WARN  Route "./(tabs)/library/_layout.tsx" is missing the required default export. Ensure a React component is exported as default.
[2026-06-10T04:04:36.246Z] [1]
[2026-06-10T04:04:36.246Z] λ  WARN  Route "./(tabs)/profile/_layout.tsx" is missing the required default export. Ensure a React component is exported as default.
[2026-06-10T04:04:36.247Z] [1] λ  WARN  Route "./(tabs)/search/_layout.tsx" is missing the required default export. Ensure a React component is exported as default.
[2026-06-10T04:04:36.268Z] [1] λ  LOG  { colorScheme: 'light', setColorScheme: [Function (anonymous)] } {
[2026-06-10T04:04:36.269Z] [1]   '--color-primary': '#0a7ea4',
[2026-06-10T04:04:36.269Z] [1]   '--color-background': '#ffffff',
[2026-06-10T04:04:36.269Z] [1]   '--color-surface': '#f5f5f5',
[2026-06-10T04:04:36.269Z] [1]   '--color-foreground': '#11181C',
[2026-06-10T04:04:36.269Z] [1]   '--color-muted': '#687076',
[2026-06-10T04:04:36.269Z] [1]   '--color-border': '#E5E7EB',
[2026-06-10T04:04:36.269Z] [1]   '--color-success': '#22C55E',
[2026-06-10T04:04:36.269Z] [1]   '--color-warning': '#F59E0B',
[2026-06-10T04:04:36.269Z] [1]   '--color-error': '#EF4444'
[2026-06-10T04:04:36.269Z] [1] }
[2026-06-10T04:04:36.270Z] [1] λ  WARN  [Layout children]: No route named "(auth)" exists in nested children: [ '(tabs)', 'auth', 'dev/theme-lab', 'oauth/callback' ]
[2026-06-10T04:04:36.287Z] [1] λ  WARN  props.pointerEvents is deprecated. Use style.pointerEvents
[2026-06-10T04:04:36.300Z] [1] Web node_modules/expo-router/entry.js ░░░░░░░░░░░░░░░░  0.0% (0/1)
[2026-06-10T04:04:36.321Z] [1] Web Bundled 397ms node_modules/expo-router/entry.js (1 module)
[2026-06-10T04:04:36.566Z] [1] Web Bundled 58ms node_modules/expo-router/entry.js (1 module)
[2026-06-10T04:04:37.566Z] [1]  LOG  [web] Logs will appear in the browser console
[2026-06-10T04:04:37.746Z] [0] [Auth] Missing session cookie
[2026-06-10T04:04:37.747Z] [0]
[2026-06-10T04:04:37.747Z] Error fetching featured series: DrizzleQueryError: Failed query: select `id`, `title`, `slug`, `description`, `author`, `artist`, `coverImageUrl`, `status`, `releaseYear`, `rating`, `ratingCount`, `viewCount`, `isPremium`, `isFeatured`, `featuredOrder`, `genres`, `createdAt`, `updatedAt` from `series` where `series`.`isFeatured` = ? order by `series`.`featuredOrder` asc limit ?
[2026-06-10T04:04:37.747Z] [0] params: true,10
[2026-06-10T04:04:37.747Z] [0]     at MySql2PreparedQuery.queryWithCache (/home/ubuntu/manga-reader-app/node_modules/src/mysql-core/session.ts:79:11)
[2026-06-10T04:04:37.747Z] [0]     at process.processTicksAndRejections (node:internal/process/task_queues:105:5)
[2026-06-10T04:04:37.747Z] [0]     at async MySql2PreparedQuery.execute (/home/ubuntu/manga-reader-app/node_modules/src/mysql2/session.ts:132:18)
[2026-06-10T04:04:37.747Z] [0]     at async Object.getFeaturedSeries (/home/ubuntu/manga-reader-app/server/db.ts:287:12)
[2026-06-10T04:04:37.747Z] [0]     at async resolveMiddleware (/home/ubuntu/manga-reader-app/node_modules/@trpc/server/dist/initTRPC-Bq6NzC7R.cjs:221:17)
[2026-06-10T04:04:37.747Z] [0]     at async callRecursive (/home/ubuntu/manga-reader-app/node_modules/@trpc/server/dist/initTRPC-Bq6NzC7R.cjs:256:18)
[2026-06-10T04:04:37.747Z] [0]     at async callRecursive (/home/ubuntu/manga-reader-app/node_modules/@trpc/server/dist/initTRPC-Bq6NzC7R.cjs:256:18)
[2026-06-10T04:04:37.747Z] [0]     at async procedure (/home/ubuntu/manga-reader-app/node_modules/@trpc/server/dist/initTRPC-Bq6NzC7R.cjs:281:18)
[2026-06-10T04:04:37.747Z] [0]     at async /home/ubuntu/manga-reader-app/node_modules/@trpc/server/dist/resolveResponse-BGrZsJDx.cjs:1948:18
[2026-06-10T04:04:37.747Z] [0]     at async Promise.all (index 0) {
[2026-06-10T04:04:37.747Z] [0]   query: 'select `id`, `title`, `slug`, `description`, `author`, `artist`, `coverImageUrl`, `status`, `releaseYear`, `rating`, `ratingCount`, `viewCount`, `isPremium`, `isFeatured`, `featuredOrder`, `genres`, `createdAt`, `updatedAt` from `series` where `series`.`isFeatured` = ? order by `series`.`featuredOrder` asc limit ?',
[2026-06-10T04:04:37.747Z] [0]   params: [ true, 10 ],
[2026-06-10T04:04:37.747Z] [0]   cause: Error: Can't add new command when connection is in closed state
[2026-06-10T04:04:37.747Z] [0]       at PromiseConnection.query (/home/ubuntu/manga-reader-app/node_modules/mysql2/lib/promise/connection.js:29:22)
[2026-06-10T04:04:37.747Z] [0]       at <anonymous> (/home/ubuntu/manga-reader-app/node_modules/src/mysql2/session.ts:133:24)
[2026-06-10T04:04:37.747Z] [0]       at MySql2PreparedQuery.queryWithCache (/home/ubuntu/manga-reader-app/node_modules/src/mysql-core/session.ts:77:18)
[2026-06-10T04:04:37.747Z] [0]       at MySql2PreparedQuery.execute (/home/ubuntu/manga-reader-app/node_modules/src/mysql2/session.ts:132:29)
[2026-06-10T04:04:37.747Z] [0]       at MySqlSelectBase.execute (/home/ubuntu/manga-reader-app/node_modules/src/mysql-core/query-builders/select.ts:1145:25)
[2026-06-10T04:04:37.747Z] [0]       at MySqlSelectBase.then (/home/ubuntu/manga-reader-app/node_modules/src/query-promise.ts:31:15)
[2026-06-10T04:04:37.747Z] [0]       at process.processTicksAndRejections (node:internal/process/task_queues:105:5) {
[2026-06-10T04:04:37.747Z] [0]     code: undefined,
[2026-06-10T04:04:37.747Z] [0]     errno: undefined,
[2026-06-10T04:04:37.747Z] [0]     sql: undefined,
[2026-06-10T04:04:37.748Z] [0]     sqlState: undefined,
[2026-06-10T04:04:37.748Z] [0]     sqlMessage: undefined
[2026-06-10T04:04:37.748Z] [0]   }
[2026-06-10T04:04:37.748Z] [0] }
[2026-06-10T04:04:37.748Z] [0] Error fetching trending series: DrizzleQueryError: Failed query: select `id`, `title`, `slug`, `description`, `author`, `artist`, `coverImageUrl`, `status`, `releaseYear`, `rating`, `ratingCount`, `viewCount`, `isPremium`, `isFeatured`, `featuredOrder`, `genres`, `createdAt`, `updatedAt` from `series` order by `series`.`viewCount` desc limit ?
[2026-06-10T04:04:37.748Z] [0] params: 10
[2026-06-10T04:04:37.748Z] [0]     at MySql2PreparedQuery.queryWithCache (/home/ubuntu/manga-reader-app/node_modules/src/mysql-core/session.ts:79:11)
[2026-06-10T04:04:37.748Z] [0]     at process.processTicksAndRejections (node:internal/process/task_queues:105:5)
[2026-06-10T04:04:37.748Z] [0]     at async MySql2PreparedQuery.execute (/home/ubuntu/manga-reader-app/node_modules/src/mysql2/session.ts:132:18)
[2026-06-10T04:04:37.748Z] [0]     at async Object.getTrendingSeries (/home/ubuntu/manga-reader-app/server/db.ts:304:12)
[2026-06-10T04:04:37.748Z] [0]     at async resolveMiddleware (/home/ubuntu/manga-reader-app/node_modules/@trpc/server/dist/initTRPC-Bq6NzC7R.cjs:221:17)
[2026-06-10T04:04:37.748Z] [0]     at async callRecursive (/home/ubuntu/manga-reader-app/node_modules/@trpc/server/dist/initTRPC-Bq6NzC7R.cjs:256:18)
[2026-06-10T04:04:37.748Z] [0]     at async callRecursive (/home/ubuntu/manga-reader-app/node_modules/@trpc/server/dist/initTRPC-Bq6NzC7R.cjs:256:18)
[2026-06-10T04:04:37.748Z] [0]     at async procedure (/home/ubuntu/manga-reader-app/node_modules/@trpc/server/dist/initTRPC-Bq6NzC7R.cjs:281:18)
[2026-06-10T04:04:37.748Z] [0]     at async /home/ubuntu/manga-reader-app/node_modules/@trpc/server/dist/resolveResponse-BGrZsJDx.cjs:1948:18
[2026-06-10T04:04:37.748Z] [0]     at async Promise.all (index 1) {
[2026-06-10T04:04:37.748Z] [0]   query: 'select `id`, `title`, `slug`, `description`, `author`, `artist`, `coverImageUrl`, `status`, `releaseYear`, `rating`, `ratingCount`, `viewCount`, `isPremium`, `isFeatured`, `featuredOrder`, `genres`, `createdAt`, `updatedAt` from `series` order by `series`.`viewCount` desc limit ?',
[2026-06-10T04:04:37.748Z] [0]   params: [ 10 ],
[2026-06-10T04:04:37.748Z] [0]   cause: Error: Can't add new command when connection is in closed state
[2026-06-10T04:04:37.748Z] [0]       at PromiseConnection.query (/home/ubuntu/manga-reader-app/node_modules/mysql2/lib/promise/connection.js:29:22)
[2026-06-10T04:04:37.748Z] [0]       at <anonymous> (/home/ubuntu/manga-reader-app/node_modules/src/mysql2/session.ts:133:24)
[2026-06-10T04:04:37.748Z] [0]       at MySql2PreparedQuery.queryWithCache (/home/ubuntu/manga-reader-app/node_modules/src/mysql-core/session.ts:77:18)
[2026-06-10T04:04:37.748Z] [0]       at MySql2PreparedQuery.execute (/home/ubuntu/manga-reader-app/node_modules/src/mysql2/session.ts:132:29)
[2026-06-10T04:04:37.748Z] [0]       at MySqlSelectBase.execute (/home/ubuntu/manga-reader-app/node_modules/src/mysql-core/query-builders/select.ts:1145:25)
[2026-06-10T04:04:37.748Z] [0]       at MySqlSelectBase.then (/home/ubuntu/manga-reader-app/node_modules/src/query-promise.ts:31:15)
[2026-06-10T04:04:37.748Z] [0]       at process.processTicksAndRejections (node:internal/process/task_queues:105:5) {
[2026-06-10T04:04:37.748Z] [0]     code: undefined,
[2026-06-10T04:04:37.748Z] [0]     errno: undefined,
[2026-06-10T04:04:37.748Z] [0]     sql: undefined,
[2026-06-10T04:04:37.748Z] [0]     sqlState: undefined,
[2026-06-10T04:04:37.748Z] [0]     sqlMessage: undefined
[2026-06-10T04:04:37.748Z] [0]   }
[2026-06-10T04:04:37.748Z] [0] }
[2026-06-10T04:04:38.264Z] [1] EXPO_USE_METRO_WORKSPACE_ROOT is enabled by default, use EXPO_NO_METRO_WORKSPACE_ROOT instead to disable.
[2026-06-10T04:04:38.267Z] [1] EXPO_USE_METRO_WORKSPACE_ROOT is enabled by default, use EXPO_NO_METRO_WORKSPACE_ROOT instead to disable.
[2026-06-10T04:04:38.463Z] [1] λ Bundled 72ms node_modules/expo-router/node/render.js (1 module)
[2026-06-10T04:04:38.609Z] [1] λ  WARN  Route "./(tabs)/library/_layout.tsx" is missing the required default export. Ensure a React component is exported as default.
[2026-06-10T04:04:38.609Z] [1]
[2026-06-10T04:04:38.609Z] λ  WARN  Route "./(tabs)/profile/_layout.tsx" is missing the required default export. Ensure a React component is exported as default.
[2026-06-10T04:04:38.610Z] [1] λ  WARN  Route "./(tabs)/search/_layout.tsx" is missing the required default export. Ensure a React component is exported as default.
[2026-06-10T04:04:38.633Z] [1] λ  LOG  { colorScheme: 'light', setColorScheme: [Function (anonymous)] } {
[2026-06-10T04:04:38.633Z] [1]   '--color-primary': '#0a7ea4',
[2026-06-10T04:04:38.633Z] [1]   '--color-background': '#ffffff',
[2026-06-10T04:04:38.633Z] [1]   '--color-surface': '#f5f5f5',
[2026-06-10T04:04:38.633Z] [1]   '--color-foreground': '#11181C',
[2026-06-10T04:04:38.633Z] [1]   '--color-muted': '#687076',
[2026-06-10T04:04:38.633Z] [1]   '--color-border': '#E5E7EB',
[2026-06-10T04:04:38.633Z] [1]   '--color-success': '#22C55E',
[2026-06-10T04:04:38.633Z] [1]   '--color-warning': '#F59E0B',
[2026-06-10T04:04:38.633Z] [1]   '--color-error': '#EF4444'
[2026-06-10T04:04:38.633Z] [1] }
[2026-06-10T04:04:38.634Z] [1] λ  WARN  [Layout children]: No route named "(auth)" exists in nested children: [ '(tabs)', 'auth', 'dev/theme-lab', 'oauth/callback' ]
[2026-06-10T04:04:38.653Z] [1] λ  WARN  props.pointerEvents is deprecated. Use style.pointerEvents
[2026-06-10T04:04:38.668Z] [1] Web node_modules/expo-router/entry.js ░░░░░░░░░░░░░░░░  0.0% (0/1)
[2026-06-10T04:04:38.682Z] [1] Web Bundled 413ms node_modules/expo-router/entry.js (1 module)
[2026-06-10T04:04:38.946Z] [0] [Auth] Missing session cookie
[2026-06-10T04:04:39.753Z] [1] EXPO_USE_METRO_WORKSPACE_ROOT is enabled by default, use EXPO_NO_METRO_WORKSPACE_ROOT instead to disable.
[2026-06-10T04:04:39.754Z] [1] EXPO_USE_METRO_WORKSPACE_ROOT is enabled by default, use EXPO_NO_METRO_WORKSPACE_ROOT instead to disable.
[2026-06-10T04:04:39.917Z] [1] λ Bundled 42ms node_modules/expo-router/node/render.js (1 module)
[2026-06-10T04:04:40.064Z] [1] λ  WARN  Route "./(tabs)/library/_layout.tsx" is missing the required default export. Ensure a React component is exported as default.
[2026-06-10T04:04:40.065Z] [1] λ  WARN  Route "./(tabs)/profile/_layout.tsx" is missing the required default export. Ensure a React component is exported as default.
[2026-06-10T04:04:40.065Z] [1] λ  WARN  Route "./(tabs)/search/_layout.tsx" is missing the required default export. Ensure a React component is exported as default.
[2026-06-10T04:04:40.087Z] [1] λ  LOG  { colorScheme: 'light', setColorScheme: [Function (anonymous)] } {
[2026-06-10T04:04:40.087Z] [1]   '--color-primary': '#0a7ea4',
[2026-06-10T04:04:40.087Z] [1]   '--color-background': '#ffffff',
[2026-06-10T04:04:40.087Z] [1]   '--color-surface': '#f5f5f5',
[2026-06-10T04:04:40.087Z] [1]   '--color-foreground': '#11181C',
[2026-06-10T04:04:40.087Z] [1]   '--color-muted': '#687076',
[2026-06-10T04:04:40.087Z] [1]   '--color-border': '#E5E7EB',
[2026-06-10T04:04:40.087Z] [1]   '--color-success': '#22C55E',
[2026-06-10T04:04:40.088Z] [1]   '--color-warning': '#F59E0B',
[2026-06-10T04:04:40.088Z] [1]   '--color-error': '#EF4444'
[2026-06-10T04:04:40.088Z] [1] }
[2026-06-10T04:04:40.089Z] [1] λ  WARN  [Layout children]: No route named "(auth)" exists in nested children: [ '(tabs)', 'auth', 'dev/theme-lab', 'oauth/callback' ]
[2026-06-10T04:04:40.105Z] [1] λ  WARN  props.pointerEvents is deprecated. Use style.pointerEvents
[2026-06-10T04:04:40.119Z] [1] Web node_modules/expo-router/entry.js ░░░░░░░░░░░░░░░░  0.0% (0/1)
[2026-06-10T04:04:40.133Z] [1] Web Bundled 378ms node_modules/expo-router/entry.js (1 module)
[2026-06-10T04:04:40.486Z] [1] Web Bundled 80ms node_modules/expo-router/entry.js (1 module)
[2026-06-10T04:04:41.425Z] [0] [Auth] Missing session cookie
[2026-06-10T04:04:41.427Z] [0] Error fetching featured series: DrizzleQueryError: Failed query: select `id`, `title`, `slug`, `description`, `author`, `artist`, `coverImageUrl`, `status`, `releaseYear`, `rating`, `ratingCount`, `viewCount`, `isPremium`, `isFeatured`, `featuredOrder`, `genres`, `createdAt`, `updatedAt` from `series` where `series`.`isFeatured` = ? order by `series`.`featuredOrder` asc limit ?
[2026-06-10T04:04:41.427Z] [0] params: true,10
[2026-06-10T04:04:41.427Z] [0]     at MySql2PreparedQuery.queryWithCache (/home/ubuntu/manga-reader-app/node_modules/src/mysql-core/session.ts:79:11)
[2026-06-10T04:04:41.427Z] [0]     at process.processTicksAndRejections (node:internal/process/task_queues:105:5)
[2026-06-10T04:04:41.427Z] [0]     at async MySql2PreparedQuery.execute (/home/ubuntu/manga-reader-app/node_modules/src/mysql2/session.ts:132:18)
[2026-06-10T04:04:41.427Z] [0]     at async Object.getFeaturedSeries (/home/ubuntu/manga-reader-app/server/db.ts:287:12)
[2026-06-10T04:04:41.427Z] [0]     at async resolveMiddleware (/home/ubuntu/manga-reader-app/node_modules/@trpc/server/dist/initTRPC-Bq6NzC7R.cjs:221:17)
[2026-06-10T04:04:41.428Z] [0]     at async callRecursive (/home/ubuntu/manga-reader-app/node_modules/@trpc/server/dist/initTRPC-Bq6NzC7R.cjs:256:18)
[2026-06-10T04:04:41.428Z] [0]     at async callRecursive (/home/ubuntu/manga-reader-app/node_modules/@trpc/server/dist/initTRPC-Bq6NzC7R.cjs:256:18)
[2026-06-10T04:04:41.428Z] [0]     at async procedure (/home/ubuntu/manga-reader-app/node_modules/@trpc/server/dist/initTRPC-Bq6NzC7R.cjs:281:18)
[2026-06-10T04:04:41.428Z] [0]     at async /home/ubuntu/manga-reader-app/node_modules/@trpc/server/dist/resolveResponse-BGrZsJDx.cjs:1948:18
[2026-06-10T04:04:41.428Z] [0]     at async Promise.all (index 0) {
[2026-06-10T04:04:41.428Z] [0]   query: 'select `id`, `title`, `slug`, `description`, `author`, `artist`, `coverImageUrl`, `status`, `releaseYear`, `rating`, `ratingCount`, `viewCount`, `isPremium`, `isFeatured`, `featuredOrder`, `genres`, `createdAt`, `updatedAt` from `series` where `series`.`isFeatured` = ? order by `series`.`featuredOrder` asc limit ?',
[2026-06-10T04:04:41.428Z] [0]   params: [ true, 10 ],
[2026-06-10T04:04:41.428Z] [0]   cause: Error: Can't add new command when connection is in closed state
[2026-06-10T04:04:41.428Z] [0]       at PromiseConnection.query (/home/ubuntu/manga-reader-app/node_modules/mysql2/lib/promise/connection.js:29:22)
[2026-06-10T04:04:41.428Z] [0]       at <anonymous> (/home/ubuntu/manga-reader-app/node_modules/src/mysql2/session.ts:133:24)
[2026-06-10T04:04:41.428Z] [0]       at MySql2PreparedQuery.queryWithCache (/home/ubuntu/manga-reader-app/node_modules/src/mysql-core/session.ts:77:18)
[2026-06-10T04:04:41.428Z] [0]       at MySql2PreparedQuery.execute (/home/ubuntu/manga-reader-app/node_modules/src/mysql2/session.ts:132:29)
[2026-06-10T04:04:41.428Z] [0]       at MySqlSelectBase.execute (/home/ubuntu/manga-reader-app/node_modules/src/mysql-core/query-builders/select.ts:1145:25)
[2026-06-10T04:04:41.428Z] [0]       at MySqlSelectBase.then (/home/ubuntu/manga-reader-app/node_modules/src/query-promise.ts:31:15)
[2026-06-10T04:04:41.428Z] [0]       at process.processTicksAndRejections (node:internal/process/task_queues:105:5) {
[2026-06-10T04:04:41.428Z] [0]     code: undefined,
[2026-06-10T04:04:41.428Z] [0]     errno: undefined,
[2026-06-10T04:04:41.428Z] [0]     sql: undefined,
[2026-06-10T04:04:41.428Z] [0]     sqlState: undefined,
[2026-06-10T04:04:41.428Z] [0]     sqlMessage: undefined
[2026-06-10T04:04:41.428Z] [0]   }
[2026-06-10T04:04:41.428Z] [0] }
[2026-06-10T04:04:41.428Z] [0] Error fetching trending series: DrizzleQueryError: Failed query: select `id`, `title`, `slug`, `description`, `author`, `artist`, `coverImageUrl`, `status`, `releaseYear`, `rating`, `ratingCount`, `viewCount`, `isPremium`, `isFeatured`, `featuredOrder`, `genres`, `createdAt`, `updatedAt` from `series` order by `series`.`viewCount` desc limit ?
[2026-06-10T04:04:41.428Z] [0] params: 10
[2026-06-10T04:04:41.428Z] [0]     at MySql2PreparedQuery.queryWithCache (/home/ubuntu/manga-reader-app/node_modules/src/mysql-core/session.ts:79:11)
[2026-06-10T04:04:41.428Z] [0]     at process.processTicksAndRejections (node:internal/process/task_queues:105:5)
[2026-06-10T04:04:41.428Z] [0]     at async MySql2PreparedQuery.execute (/home/ubuntu/manga-reader-app/node_modules/src/mysql2/session.ts:132:18)
[2026-06-10T04:04:41.428Z] [0]     at async Object.getTrendingSeries (/home/ubuntu/manga-reader-app/server/db.ts:304:12)
[2026-06-10T04:04:41.428Z] [0]     at async resolveMiddleware (/home/ubuntu/manga-reader-app/node_modules/@trpc/server/dist/initTRPC-Bq6NzC7R.cjs:221:17)
[2026-06-10T04:04:41.428Z] [0]     at async callRecursive (/home/ubuntu/manga-reader-app/node_modules/@trpc/server/dist/initTRPC-Bq6NzC7R.cjs:256:18)
[2026-06-10T04:04:41.428Z] [0]     at async callRecursive (/home/ubuntu/manga-reader-app/node_modules/@trpc/server/dist/initTRPC-Bq6NzC7R.cjs:256:18)
[2026-06-10T04:04:41.428Z] [0]     at async procedure (/home/ubuntu/manga-reader-app/node_modules/@trpc/server/dist/initTRPC-Bq6NzC7R.cjs:281:18)
[2026-06-10T04:04:41.428Z] [0]     at async /home/ubuntu/manga-reader-app/node_modules/@trpc/server/dist/resolveResponse-BGrZsJDx.cjs:1948:18
[2026-06-10T04:04:41.428Z] [0]     at async Promise.all (index 1) {
[2026-06-10T04:04:41.428Z] [0]   query: 'select `id`, `title`, `slug`, `description`, `author`, `artist`, `coverImageUrl`, `status`, `releaseYear`, `rating`, `ratingCount`, `viewCount`, `isPremium`, `isFeatured`, `featuredOrder`, `genres`, `createdAt`, `updatedAt` from `series` order by `series`.`viewCount` desc limit ?',
[2026-06-10T04:04:41.428Z] [0]   params: [ 10 ],
[2026-06-10T04:04:41.428Z] [0]   cause: Error: Can't add new command when connection is in closed state
[2026-06-10T04:04:41.428Z] [0]       at PromiseConnection.query (/home/ubuntu/manga-reader-app/node_modules/mysql2/lib/promise/connection.js:29:22)
[2026-06-10T04:04:41.428Z] [0]       at <anonymous> (/home/ubuntu/manga-reader-app/node_modules/src/mysql2/session.ts:133:24)
[2026-06-10T04:04:41.428Z] [0]       at MySql2PreparedQuery.queryWithCache (/home/ubuntu/manga-reader-app/node_modules/src/mysql-core/session.ts:77:18)
[2026-06-10T04:04:41.428Z] [0]       at MySql2PreparedQuery.execute (/home/ubuntu/manga-reader-app/node_modules/src/mysql2/session.ts:132:29)
[2026-06-10T04:04:41.428Z] [0]       at MySqlSelectBase.execute (/home/ubuntu/manga-reader-app/node_modules/src/mysql-core/query-builders/select.ts:1145:25)
[2026-06-10T04:04:41.428Z] [0]       at MySqlSelectBase.then (/home/ubuntu/manga-reader-app/node_modules/src/query-promise.ts:31:15)
[2026-06-10T04:04:41.428Z] [0]       at process.processTicksAndRejections (node:internal/process/task_queues:105:5) {
[2026-06-10T04:04:41.428Z] [0]     code: undefined,
[2026-06-10T04:04:41.428Z] [0]     errno: undefined,
[2026-06-10T04:04:41.428Z] [0]     sql: undefined,
[2026-06-10T04:04:41.428Z] [0]     sqlState: undefined,
[2026-06-10T04:04:41.428Z] [0]     sqlMessage: undefined
[2026-06-10T04:04:41.428Z] [0]   }
[2026-06-10T04:04:41.428Z] [0] }
[2026-06-10T04:04:41.483Z] [1]  LOG  [web] Logs will appear in the browser console
[2026-06-10T04:04:43.166Z] [0] [Auth] Missing session cookie
[2026-06-10T04:18:44.080Z] [0] [Auth] Missing session cookie
[2026-06-10T04:18:44.083Z] [0] Error fetching featured series: DrizzleQueryError: Failed query: select `id`, `title`, `slug`, `description`, `author`, `artist`, `coverImageUrl`, `status`, `releaseYear`, `rating`, `ratingCount`, `viewCount`, `isPremium`, `isFeatured`, `featuredOrder`, `genres`, `createdAt`, `updatedAt` from `series` where `series`.`isFeatured` = ? order by `series`.`featuredOrder` asc limit ?
[2026-06-10T04:18:44.083Z] [0] params: true,10
[2026-06-10T04:18:44.083Z] [0]     at MySql2PreparedQuery.queryWithCache (/home/ubuntu/manga-reader-app/node_modules/src/mysql-core/session.ts:79:11)
[2026-06-10T04:18:44.083Z] [0]     at process.processTicksAndRejections (node:internal/process/task_queues:105:5)
[2026-06-10T04:18:44.083Z] [0]     at async MySql2PreparedQuery.execute (/home/ubuntu/manga-reader-app/node_modules/src/mysql2/session.ts:132:18)
[2026-06-10T04:18:44.083Z] [0]     at async Object.getFeaturedSeries (/home/ubuntu/manga-reader-app/server/db.ts:287:12)
[2026-06-10T04:18:44.083Z] [0]     at async resolveMiddleware (/home/ubuntu/manga-reader-app/node_modules/@trpc/server/dist/initTRPC-Bq6NzC7R.cjs:221:17)
[2026-06-10T04:18:44.083Z] [0]     at async callRecursive (/home/ubuntu/manga-reader-app/node_modules/@trpc/server/dist/initTRPC-Bq6NzC7R.cjs:256:18)
[2026-06-10T04:18:44.083Z] [0]     at async callRecursive (/home/ubuntu/manga-reader-app/node_modules/@trpc/server/dist/initTRPC-Bq6NzC7R.cjs:256:18)
[2026-06-10T04:18:44.083Z] [0]     at async procedure (/home/ubuntu/manga-reader-app/node_modules/@trpc/server/dist/initTRPC-Bq6NzC7R.cjs:281:18)
[2026-06-10T04:18:44.083Z] [0]     at async /home/ubuntu/manga-reader-app/node_modules/@trpc/server/dist/resolveResponse-BGrZsJDx.cjs:1948:18
[2026-06-10T04:18:44.083Z] [0]     at async Promise.all (index 0) {
[2026-06-10T04:18:44.083Z] [0]   query: 'select `id`, `title`, `slug`, `description`, `author`, `artist`, `coverImageUrl`, `status`, `releaseYear`, `rating`, `ratingCount`, `viewCount`, `isPremium`, `isFeatured`, `featuredOrder`, `genres`, `createdAt`, `updatedAt` from `series` where `series`.`isFeatured` = ? order by `series`.`featuredOrder` asc limit ?',
[2026-06-10T04:18:44.083Z] [0]   params: [ true, 10 ],
[2026-06-10T04:18:44.083Z] [0]   cause: Error: Can't add new command when connection is in closed state
[2026-06-10T04:18:44.083Z] [0]       at PromiseConnection.query (/home/ubuntu/manga-reader-app/node_modules/mysql2/lib/promise/connection.js:29:22)
[2026-06-10T04:18:44.083Z] [0]       at <anonymous> (/home/ubuntu/manga-reader-app/node_modules/src/mysql2/session.ts:133:24)
[2026-06-10T04:18:44.083Z] [0]       at MySql2PreparedQuery.queryWithCache (/home/ubuntu/manga-reader-app/node_modules/src/mysql-core/session.ts:77:18)
[2026-06-10T04:18:44.083Z] [0]       at MySql2PreparedQuery.execute (/home/ubuntu/manga-reader-app/node_modules/src/mysql2/session.ts:132:29)
[2026-06-10T04:18:44.083Z] [0]       at MySqlSelectBase.execute (/home/ubuntu/manga-reader-app/node_modules/src/mysql-core/query-builders/select.ts:1145:25)
[2026-06-10T04:18:44.083Z] [0]       at MySqlSelectBase.then (/home/ubuntu/manga-reader-app/node_modules/src/query-promise.ts:31:15)
[2026-06-10T04:18:44.083Z] [0]       at process.processTicksAndRejections (node:internal/process/task_queues:105:5) {
[2026-06-10T04:18:44.083Z] [0]     code: undefined,
[2026-06-10T04:18:44.083Z] [0]     errno: undefined,
[2026-06-10T04:18:44.083Z] [0]     sql: undefined,
[2026-06-10T04:18:44.083Z] [0]     sqlState: undefined,
[2026-06-10T04:18:44.083Z] [0]     sqlMessage: undefined
[2026-06-10T04:18:44.083Z] [0]   }
[2026-06-10T04:18:44.083Z] [0] }
[2026-06-10T04:18:44.083Z] [0] Error fetching trending series: DrizzleQueryError: Failed query: select `id`, `title`, `slug`, `description`, `author`, `artist`, `coverImageUrl`, `status`, `releaseYear`, `rating`, `ratingCount`, `viewCount`, `isPremium`, `isFeatured`, `featuredOrder`, `genres`, `createdAt`, `updatedAt` from `series` order by `series`.`viewCount` desc limit ?
[2026-06-10T04:18:44.083Z] [0] params: 10
[2026-06-10T04:18:44.083Z] [0]     at MySql2PreparedQuery.queryWithCache (/home/ubuntu/manga-reader-app/node_modules/src/mysql-core/session.ts:79:11)
[2026-06-10T04:18:44.083Z] [0]     at process.processTicksAndRejections (node:internal/process/task_queues:105:5)
[2026-06-10T04:18:44.083Z] [0]     at async MySql2PreparedQuery.execute (/home/ubuntu/manga-reader-app/node_modules/src/mysql2/session.ts:132:18)
[2026-06-10T04:18:44.083Z] [0]     at async Object.getTrendingSeries (/home/ubuntu/manga-reader-app/server/db.ts:304:12)
[2026-06-10T04:18:44.083Z] [0]     at async resolveMiddleware (/home/ubuntu/manga-reader-app/node_modules/@trpc/server/dist/initTRPC-Bq6NzC7R.cjs:221:17)
[2026-06-10T04:18:44.083Z] [0]     at async callRecursive (/home/ubuntu/manga-reader-app/node_modules/@trpc/server/dist/initTRPC-Bq6NzC7R.cjs:256:18)
[2026-06-10T04:18:44.083Z] [0]     at async callRecursive (/home/ubuntu/manga-reader-app/node_modules/@trpc/server/dist/initTRPC-Bq6NzC7R.cjs:256:18)
[2026-06-10T04:18:44.083Z] [0]     at async procedure (/home/ubuntu/manga-reader-app/node_modules/@trpc/server/dist/initTRPC-Bq6NzC7R.cjs:281:18)
[2026-06-10T04:18:44.083Z] [0]     at async /home/ubuntu/manga-reader-app/node_modules/@trpc/server/dist/resolveResponse-BGrZsJDx.cjs:1948:18
[2026-06-10T04:18:44.083Z] [0]     at async Promise.all (index 1) {
[2026-06-10T04:18:44.083Z] [0]   query: 'select `id`, `title`, `slug`, `description`, `author`, `artist`, `coverImageUrl`, `status`, `releaseYear`, `rating`, `ratingCount`, `viewCount`, `isPremium`, `isFeatured`, `featuredOrder`, `genres`, `createdAt`, `updatedAt` from `series` order by `series`.`viewCount` desc limit ?',
[2026-06-10T04:18:44.083Z] [0]   params: [ 10 ],
[2026-06-10T04:18:44.083Z] [0]   cause: Error: Can't add new command when connection is in closed state
[2026-06-10T04:18:44.083Z] [0]       at PromiseConnection.query (/home/ubuntu/manga-reader-app/node_modules/mysql2/lib/promise/connection.js:29:22)
[2026-06-10T04:18:44.083Z] [0]       at <anonymous> (/home/ubuntu/manga-reader-app/node_modules/src/mysql2/session.ts:133:24)
[2026-06-10T04:18:44.083Z] [0]       at MySql2PreparedQuery.queryWithCache (/home/ubuntu/manga-reader-app/node_modules/src/mysql-core/session.ts:77:18)
[2026-06-10T04:18:44.083Z] [0]       at MySql2PreparedQuery.execute (/home/ubuntu/manga-reader-app/node_modules/src/mysql2/session.ts:132:29)
[2026-06-10T04:18:44.083Z] [0]       at MySqlSelectBase.execute (/home/ubuntu/manga-reader-app/node_modules/src/mysql-core/query-builders/select.ts:1145:25)
[2026-06-10T04:18:44.083Z] [0]       at MySqlSelectBase.then (/home/ubuntu/manga-reader-app/node_modules/src/query-promise.ts:31:15)
[2026-06-10T04:18:44.083Z] [0]       at process.processTicksAndRejections (node:internal/process/task_queues:105:5) {
[2026-06-10T04:18:44.083Z] [0]     code: undefined,
[2026-06-10T04:18:44.083Z] [0]     errno: undefined,
[2026-06-10T04:18:44.083Z] [0]     sql: undefined,
[2026-06-10T04:18:44.083Z] [0]     sqlState: undefined,
[2026-06-10T04:18:44.083Z] [0]     sqlMessage: undefined
[2026-06-10T04:18:44.084Z] [0]   }
[2026-06-10T04:18:44.084Z] [0] }
[2026-06-10T04:18:55.996Z] [0] 4:18:55 AM [tsx] change in ./server/routers.ts Restarting...
[2026-06-10T04:18:56.030Z] [0] c
[2026-06-10T04:19:00.119Z] [OAuth] Initialized with baseURL: https://api.manus.im
[2026-06-10T04:19:00.497Z] [0] [api] server listening on port 3000
[2026-06-10T04:25:02.936Z] [1]  WARN  The package /home/ubuntu/manga-reader-app/node_modules/@expo/metro/node_modules/metro-runtime contains an invalid package.json configuration. Consider raising this issue with the package maintainer(s).
[2026-06-10T04:25:02.941Z] [1] Reason: The resolution for "/home/ubuntu/manga-reader-app/node_modules/@expo/metro/node_modules/metro-runtime/src/modules/HMRClient.js" defined in "exports" is /home/ubuntu/manga-reader-app/node_modules/@expo/metro/node_modules/metro-runtime/src/modules/HMRClient.js, however this file does not exist. Falling back to file-based resolution.
[2026-06-10T04:25:10.557Z] [1] EXPO_USE_METRO_WORKSPACE_ROOT is enabled by default, use EXPO_NO_METRO_WORKSPACE_ROOT instead to disable.
[2026-06-10T04:25:10.565Z] [1] EXPO_USE_METRO_WORKSPACE_ROOT is enabled by default, use EXPO_NO_METRO_WORKSPACE_ROOT instead to disable.
[2026-06-10T04:25:10.569Z] [1] Web node_modules/expo-router/entry.js ░░░░░░░░░░░░░░░░  0.0% (0/1)
[2026-06-10T04:25:14.133Z] [1]
[2026-06-10T04:25:14.135Z] Web node_modules/expo-router/entry.js ░░░░░░░░░░░░░░░░  0.0% (0/1)
[2026-06-10T04:25:14.135Z] [1] λ node_modules/expo-router/node/render.js ░░░░░░░░░░░░░░░░  0.0% (0/1)
[2026-06-10T04:25:15.647Z] [1] λ Bundled 5078ms node_modules/expo-router/node/render.js (1 module)
[2026-06-10T04:25:15.699Z] [1] Web node_modules/expo-router/entry.js ░░░░░░░░░░░░░░░░  0.0% (0/1)
[2026-06-10T04:25:15.699Z] [1] λ node_modules/expo-router/node/render.js ░░░░░░░░░░░░░░░░  0.0% (0/1)
[2026-06-10T04:25:16.424Z] [1] Web Bundled 5856ms node_modules/expo-router/entry.js (1 module)
[2026-06-10T04:25:16.760Z] [1] λ  WARN  Route "./(tabs)/library/_layout.tsx" is missing the required default export. Ensure a React component is exported as default.
[2026-06-10T04:25:16.761Z] [1] λ  WARN  Route "./(tabs)/profile/_layout.tsx" is missing the required default export. Ensure a React component is exported as default.
[2026-06-10T04:25:16.763Z] [1] λ  WARN  Route "./(tabs)/search/_layout.tsx" is missing the required default export. Ensure a React component is exported as default.
[2026-06-10T04:25:16.857Z] [1] λ  WARN  [Layout children]: No route named "(auth)" exists in nested children: [ '(tabs)', 'auth', 'dev/theme-lab', 'oauth/callback' ]
[2026-06-10T04:25:16.893Z] [1] λ  WARN  props.pointerEvents is deprecated. Use style.pointerEvents
[2026-06-10T04:25:16.915Z] [1] λ  LOG  { colorScheme: 'light', setColorScheme: [Function (anonymous)] } {
[2026-06-10T04:25:16.915Z] [1]   '--color-primary': '#0a7ea4',
[2026-06-10T04:25:16.915Z] [1]   '--color-background': '#ffffff',
[2026-06-10T04:25:16.916Z] [1]   '--color-surface': '#f5f5f5',
[2026-06-10T04:25:16.916Z] [1]   '--color-foreground': '#11181C',
[2026-06-10T04:25:16.916Z] [1]   '--color-muted': '#687076',
[2026-06-10T04:25:16.916Z] [1]   '--color-border': '#E5E7EB',
[2026-06-10T04:25:16.916Z] [1]   '--color-success': '#22C55E',
[2026-06-10T04:25:16.916Z] [1]   '--color-warning': '#F59E0B',
[2026-06-10T04:25:16.916Z] [1]   '--color-error': '#EF4444'
[2026-06-10T04:25:16.916Z] [1] }
[2026-06-10T04:25:17.111Z] [1]
[2026-06-10T04:25:17.112Z] Web Bundled 76ms node_modules/expo-router/entry.js (1 module)
[2026-06-10T04:25:17.704Z] [1]  LOG  [web] Logs will appear in the browser console
[2026-06-10T04:25:18.138Z] [0] [Auth] Missing session cookie
[2026-06-10T04:25:31.199Z] [0] 4:25:31 AM [tsx] change in ./server/telegram-routes.ts Restarting...
[2026-06-10T04:25:31.242Z] [0] c
[2026-06-10T04:25:34.859Z] [OAuth] Initialized with baseURL: https://api.manus.im
[2026-06-10T04:25:35.135Z] [0] [api] server listening on port 3000
[2026-06-10T04:25:38.234Z] [0] 4:25:38 AM [tsx] change in ./server/telegram-routes.ts Restarting...
[2026-06-10T04:25:38.251Z] [0]
[2026-06-10T04:25:38.251Z] c
[2026-06-10T04:25:41.512Z] [OAuth] Initialized with baseURL: https://api.manus.im
[2026-06-10T04:25:42.010Z] [0] [api] server listening on port 3000
[2026-06-10T04:26:20.420Z] [1] EXPO_USE_METRO_WORKSPACE_ROOT is enabled by default, use EXPO_NO_METRO_WORKSPACE_ROOT instead to disable.
[2026-06-10T04:26:20.423Z] [1] EXPO_USE_METRO_WORKSPACE_ROOT is enabled by default, use EXPO_NO_METRO_WORKSPACE_ROOT instead to disable.
[2026-06-10T04:26:20.423Z] [1]
[2026-06-10T04:26:20.424Z] Web node_modules/expo-router/entry.js ░░░░░░░░░░░░░░░░  0.0% (0/1)
[2026-06-10T04:26:22.480Z] [1] λ Bundled 2057ms node_modules/expo-router/node/render.js (1 module)
[2026-06-10T04:26:22.879Z] [1] λ  WARN  Route "./(tabs)/library/_layout.tsx" is missing the required default export. Ensure a React component is exported as default.
[2026-06-10T04:26:22.879Z] [1] λ  WARN  Route "./(tabs)/profile/_layout.tsx" is missing the required default export. Ensure a React component is exported as default.
[2026-06-10T04:26:22.880Z] [1]
[2026-06-10T04:26:22.880Z] λ  WARN  Route "./(tabs)/search/_layout.tsx" is missing the required default export. Ensure a React component is exported as default.
[2026-06-10T04:26:22.909Z] [1] λ  LOG  { colorScheme: 'light', setColorScheme: [Function (anonymous)] } {
[2026-06-10T04:26:22.909Z] [1]   '--color-primary': '#0a7ea4',
[2026-06-10T04:26:22.909Z] [1]   '--color-background': '#ffffff',
[2026-06-10T04:26:22.909Z] [1]   '--color-surface': '#f5f5f5',
[2026-06-10T04:26:22.909Z] [1]   '--color-foreground': '#11181C',
[2026-06-10T04:26:22.909Z] [1]   '--color-muted': '#687076',
[2026-06-10T04:26:22.909Z] [1]   '--color-border': '#E5E7EB',
[2026-06-10T04:26:22.909Z] [1]   '--color-success': '#22C55E',
[2026-06-10T04:26:22.909Z] [1]   '--color-warning': '#F59E0B',
[2026-06-10T04:26:22.909Z] [1]   '--color-error': '#EF4444'
[2026-06-10T04:26:22.909Z] [1] }
[2026-06-10T04:26:22.911Z] [1]
[2026-06-10T04:26:22.911Z] λ  WARN  [Layout children]: No route named "(auth)" exists in nested children: [ '(tabs)', 'auth', 'dev/theme-lab', 'oauth/callback' ]
[2026-06-10T04:26:22.934Z] [1] λ  WARN  props.pointerEvents is deprecated. Use style.pointerEvents
[2026-06-10T04:26:22.953Z] [1] Web node_modules/expo-router/entry.js ░░░░░░░░░░░░░░░░  0.0% (0/1)
[2026-06-10T04:26:23.074Z] [1] Web Bundled 2650ms node_modules/expo-router/entry.js (1 module)
[2026-06-10T04:26:23.285Z] [1] Web Bundled 65ms node_modules/expo-router/entry.js (1 module)
[2026-06-10T04:26:23.899Z] [1]  LOG  [web] Logs will appear in the browser console
[2026-06-10T04:26:24.349Z] [0] [Auth] Missing session cookie
[2026-06-10T04:29:47.197Z] [1]
[2026-06-10T04:29:47.197Z] EXPO_USE_METRO_WORKSPACE_ROOT is enabled by default, use EXPO_NO_METRO_WORKSPACE_ROOT instead to disable.
[2026-06-10T04:29:47.199Z] [1] EXPO_USE_METRO_WORKSPACE_ROOT is enabled by default, use EXPO_NO_METRO_WORKSPACE_ROOT instead to disable.
[2026-06-10T04:29:47.201Z] [1] Web node_modules/expo-router/entry.js ░░░░░░░░░░░░░░░░  0.0% (0/1)
[2026-06-10T04:29:47.405Z] [1]
[2026-06-10T04:29:47.406Z] λ Bundled 68ms node_modules/expo-router/node/render.js (1 module)
[2026-06-10T04:29:47.583Z] [1]
[2026-06-10T04:29:47.583Z] λ  WARN  Route "./(tabs)/library/_layout.tsx" is missing the required default export. Ensure a React component is exported as default.
[2026-06-10T04:29:47.583Z] [1]
[2026-06-10T04:29:47.583Z] λ  WARN  Route "./(tabs)/profile/_layout.tsx" is missing the required default export. Ensure a React component is exported as default.
[2026-06-10T04:29:47.584Z] [1] λ  WARN  Route "./(tabs)/search/_layout.tsx" is missing the required default export. Ensure a React component is exported as default.
[2026-06-10T04:29:47.613Z] [1] λ  LOG  { colorScheme: 'light', setColorScheme: [Function (anonymous)] } {
[2026-06-10T04:29:47.614Z] [1]   '--color-primary': '#0a7ea4',
[2026-06-10T04:29:47.614Z] [1]   '--color-background': '#ffffff',
[2026-06-10T04:29:47.614Z] [1]   '--color-surface': '#f5f5f5',
[2026-06-10T04:29:47.614Z] [1]   '--color-foreground': '#11181C',
[2026-06-10T04:29:47.614Z] [1]   '--color-muted': '#687076',
[2026-06-10T04:29:47.614Z] [1]   '--color-border': '#E5E7EB',
[2026-06-10T04:29:47.614Z] [1]   '--color-success': '#22C55E',
[2026-06-10T04:29:47.614Z] [1]   '--color-warning': '#F59E0B',
[2026-06-10T04:29:47.614Z] [1]   '--color-error': '#EF4444'
[2026-06-10T04:29:47.614Z] [1] }
[2026-06-10T04:29:47.615Z] [1] λ  WARN  [Layout children]: No route named "(auth)" exists in nested children: [ '(tabs)', 'auth', 'dev/theme-lab', 'oauth/callback' ]
[2026-06-10T04:29:47.638Z] [1] λ  WARN  props.pointerEvents is deprecated. Use style.pointerEvents
[2026-06-10T04:29:47.657Z] [1] Web node_modules/expo-router/entry.js ░░░░░░░░░░░░░░░░  0.0% (0/1)
[2026-06-10T04:29:47.683Z] [1] Web Bundled 482ms node_modules/expo-router/entry.js (1 module)
[2026-06-10T04:29:47.831Z] [1] Web Bundled 80ms node_modules/expo-router/entry.js (1 module)
[2026-06-10T04:29:48.541Z] [1]
[2026-06-10T04:29:48.541Z] LOG  [web] Logs will appear in the browser console
[2026-06-10T04:29:48.901Z] [0] [Auth] Missing session cookie
[2026-06-10T05:02:46.571Z] [0] 5:02:46 AM [tsx] unlink in ./shared/const.ts Restarting...
[2026-06-10T05:02:46.584Z] [0] c
[2026-06-10T05:02:46.847Z] [0] node:internal/modules/run_main:122
[2026-06-10T05:02:46.847Z] [0]     triggerUncaughtException(
[2026-06-10T05:02:46.847Z] [0]     ^
[2026-06-10T05:02:46.847Z] [0] Error [ERR_MODULE_NOT_FOUND]: Cannot find module '/home/ubuntu/manga-reader-app/server/_core/index.ts' imported from /home/ubuntu/manga-reader-app/
[2026-06-10T05:02:46.848Z] [0]     at finalizeResolution (node:internal/modules/esm/resolve:275:11)
[2026-06-10T05:02:46.848Z] [0]     at moduleResolve (node:internal/modules/esm/resolve:932:10)
[2026-06-10T05:02:46.848Z] [0]     at defaultResolve (node:internal/modules/esm/resolve:1056:11)
[2026-06-10T05:02:46.848Z] [0]     at nextResolve (node:internal/modules/esm/hooks:748:28)
[2026-06-10T05:02:46.848Z] [0]     at resolveBase (file:///home/ubuntu/manga-reader-app/node_modules/tsx/dist/esm/index.mjs?1781067766707:2:3744)
[2026-06-10T05:02:46.848Z] [0]     at resolveDirectory (file:///home/ubuntu/manga-reader-app/node_modules/tsx/dist/esm/index.mjs?1781067766707:2:4243)
[2026-06-10T05:02:46.848Z] [0]     at resolveTsPaths (file:///home/ubuntu/manga-reader-app/node_modules/tsx/dist/esm/index.mjs?1781067766707:2:4984)
[2026-06-10T05:02:46.848Z] [0]     at resolve (file:///home/ubuntu/manga-reader-app/node_modules/tsx/dist/esm/index.mjs?1781067766707:2:5361)
[2026-06-10T05:02:46.848Z] [0]     at nextResolve (node:internal/modules/esm/hooks:748:28)
[2026-06-10T05:02:46.848Z] [0]     at Hooks.resolve (node:internal/modules/esm/hooks:240:30) {
[2026-06-10T05:02:46.848Z] [0]   code: 'ERR_MODULE_NOT_FOUND',
[2026-06-10T05:02:46.848Z] [0]   url: 'file:///home/ubuntu/manga-reader-app/server/_core/index.ts'
[2026-06-10T05:02:46.848Z] [0] }
[2026-06-10T05:02:46.848Z] [0]
[2026-06-10T05:02:46.848Z] [0] Node.js v22.13.0
[2026-06-10T05:02:47.662Z] [1] › Detected a change in metro.config.js. Restart the server to see the new results.
[2026-06-10T05:02:47.796Z] [1]  ERROR  Error: Config file contains no configuration data
[2026-06-10T05:02:47.797Z] [1]     at /home/ubuntu/manga-reader-app/babel.config.js
[2026-06-10T05:02:47.797Z] [1]     at Object.transformSync (/home/ubuntu/manga-reader-app/node_modules/@babel/core/lib/transform.js:42:76)
[2026-06-10T05:02:47.797Z] [1]     at parseWithBabel (/home/ubuntu/manga-reader-app/node_modules/@expo/metro-config/build/transformSync.js:75:18)
[2026-06-10T05:02:47.797Z] [1]     at transformSync (/home/ubuntu/manga-reader-app/node_modules/@expo/metro-config/build/transformSync.js:64:12)
[2026-06-10T05:02:47.797Z] [1]     at Object.transform (/home/ubuntu/manga-reader-app/node_modules/@expo/metro-config/build/babel-transformer.js:127:58)
[2026-06-10T05:02:47.797Z] [1]     at transformJSWithBabel (/home/ubuntu/manga-reader-app/node_modules/@expo/metro-config/build/transform-worker/metro-transform-worker.js:468:47)
[2026-06-10T05:02:47.797Z] [1]     at Object.transform (/home/ubuntu/manga-reader-app/node_modules/@expo/metro-config/build/transform-worker/metro-transform-worker.js:583:12)
[2026-06-10T05:02:47.797Z] [1]     at transform (/home/ubuntu/manga-reader-app/node_modules/@expo/metro-config/build/transform-worker/transform-worker.js:178:19)
[2026-06-10T05:02:47.797Z] [1]     at Object.transform (/home/ubuntu/manga-reader-app/node_modules/react-native-css-interop/dist/metro/transformer.js:15:16)
[2026-06-10T05:02:47.797Z] [1]     at Object.transform (/home/ubuntu/manga-reader-app/node_modules/@expo/metro-config/build/transform-worker/supervising-transform-worker.js:94:25)
[2026-06-10T05:02:47.797Z] [1]     at transformFile (/home/ubuntu/manga-reader-app/node_modules/metro/src/DeltaBundler/Worker.flow.js:67:36)
[2026-06-10T05:02:47.797Z] [1]     at Object.transform (/home/ubuntu/manga-reader-app/node_modules/metro/src/DeltaBundler/Worker.flow.js:42:10)
[2026-06-10T05:02:47.797Z] [1]     at execFunction (/home/ubuntu/manga-reader-app/node_modules/jest-worker/build/workers/processChild.js:149:17)
[2026-06-10T05:02:47.797Z] [1]     at execHelper (/home/ubuntu/manga-reader-app/node_modules/jest-worker/build/workers/processChild.js:137:5)
[2026-06-10T05:02:47.797Z] [1]     at execMethod (/home/ubuntu/manga-reader-app/node_modules/jest-worker/build/workers/processChild.js:140:5)
[2026-06-10T05:02:47.797Z] [1]     at process.messageListener (/home/ubuntu/manga-reader-app/node_modules/jest-worker/build/workers/processChild.js:44:7)
[2026-06-10T05:02:47.797Z] [1]     at process.emit (node:events:524:28)
[2026-06-10T05:02:47.797Z] [1]     at emit (node:internal/child_process:949:14)
[2026-06-10T05:02:51.060Z] [1] › Detected a change in babel.config.js. Restart the server to see the new results. You may need to clear the bundler cache with the --clear flag for your changes to take effect.
